time,p1,p2,p3,p4
2026-05-21 00:00:00,24.0,8.0,0.0,0.0
2026-05-21 00:15:00,16.0,0.0,0.0,0.0
2026-05-21 00:30:00,16.0,0.0,0.0,0.0
2026-05-21 00:45:00,16.0,8.0,0.0,0.0
2026-05-21 01:00:00,16.0,8.0,0.0,0.0
2026-05-21 01:15:00,16.0,0.0,0.0,0.0
2026-05-21 01:30:00,24.0,8.0,0.0,0.0
2026-05-21 01:45:00,8.0,0.0,0.0,0.0
2026-05-21 02:00:00,16.0,8.0,0.0,0.0
2026-05-21 02:15:00,24.0,8.0,0.0,0.0
2026-05-21 02:30:00,16.0,0.0,0.0,0.0
2026-05-21 02:45:00,16.0,8.0,0.0,0.0
2026-05-21 03:00:00,16.0,8.0,0.0,0.0
2026-05-21 03:15:00,16.0,0.0,0.0,0.0
2026-05-21 03:30:00,16.0,0.0,0.0,0.0
2026-05-21 03:45:00,16.0,0.0,0.0,0.0
2026-05-21 04:00:00,16.0,0.0,0.0,0.0
2026-05-21 04:15:00,16.0,0.0,0.0,0.0
2026-05-21 04:30:00,16.0,8.0,0.0,0.0
2026-05-21 04:45:00,16.0,0.0,0.0,0.0
2026-05-21 05:00:00,16.0,0.0,0.0,0.0
2026-05-21 05:15:00,16.0,0.0,0.0,0.0
2026-05-21 05:30:00,16.0,0.0,0.0,0.0
2026-05-21 05:45:00,16.0,0.0,0.0,0.0
2026-05-21 06:00:00,16.0,0.0,0.0,0.0
2026-05-21 06:15:00,16.0,0.0,0.0,0.0
2026-05-21 06:30:00,16.0,0.0,0.0,0.0
2026-05-21 06:45:00,16.0,0.0,0.0,0.0
2026-05-21 07:00:00,16.0,0.0,0.0,0.0
2026-05-21 07:15:00,16.0,8.0,0.0,0.0
2026-05-21 07:30:00,16.0,0.0,0.0,0.0
2026-05-21 07:45:00,8.0,8.0,0.0,0.0
2026-05-21 08:00:00,16.0,8.0,0.0,0.0
2026-05-21 08:15:00,24.0,0.0,0.0,0.0
2026-05-21 08:30:00,40.0,8.0,0.0,0.0
2026-05-21 08:45:00,32.0,8.0,0.0,0.0
2026-05-21 09:00:00,40.0,8.0,0.0,0.0
2026-05-21 09:15:00,56.0,8.0,0.0,0.0
2026-05-21 09:30:00,72.0,8.0,0.0,0.0
2026-05-21 09:45:00,240.0,336.0,0.0,0.0
2026-05-21 10:00:00,288.0,336.0,0.0,0.0
2026-05-21 10:15:00,304.0,336.0,0.0,0.0
2026-05-21 10:30:00,312.0,336.0,0.0,0.0
2026-05-21 10:45:00,312.0,336.0,0.0,0.0
2026-05-21 11:00:00,312.0,336.0,0.0,0.0
2026-05-21 11:15:00,312.0,336.0,0.0,0.0
2026-05-21 11:30:00,312.0,336.0,0.0,0.0
2026-05-21 11:45:00,320.0,336.0,0.0,0.0
2026-05-21 12:00:00,312.0,336.0,0.0,0.0
2026-05-21 12:15:00,312.0,336.0,0.0,0.0
2026-05-21 12:30:00,304.0,328.0,0.0,0.0
2026-05-21 12:45:00,304.0,336.0,0.0,0.0
2026-05-21 13:00:00,312.0,336.0,0.0,0.0
2026-05-21 13:15:00,320.0,336.0,0.0,0.0
2026-05-21 13:30:00,296.0,336.0,0.0,0.0
2026-05-21 13:45:00,312.0,336.0,0.0,0.0
2026-05-21 14:00:00,320.0,336.0,0.0,0.0
2026-05-21 14:15:00,312.0,336.0,0.0,0.0
2026-05-21 14:30:00,312.0,336.0,0.0,0.0
2026-05-21 14:45:00,312.0,336.0,0.0,0.0
2026-05-21 15:00:00,304.0,336.0,0.0,0.0
2026-05-21 15:15:00,320.0,336.0,0.0,0.0
2026-05-21 15:30:00,304.0,336.0,0.0,0.0
2026-05-21 15:45:00,304.0,336.0,0.0,0.0
2026-05-21 16:00:00,304.0,336.0,0.0,0.0
2026-05-21 16:15:00,304.0,336.0,0.0,0.0
2026-05-21 16:30:00,312.0,336.0,0.0,0.0
2026-05-21 16:45:00,304.0,336.0,0.0,0.0
2026-05-21 17:00:00,304.0,336.0,0.0,0.0
2026-05-21 17:15:00,312.0,336.0,0.0,0.0
2026-05-21 17:30:00,312.0,336.0,0.0,0.0
2026-05-21 17:45:00,312.0,336.0,0.0,0.0
2026-05-21 18:00:00,312.0,336.0,0.0,0.0
2026-05-21 18:15:00,336.0,336.0,0.0,0.0
2026-05-21 18:30:00,304.0,336.0,0.0,0.0
2026-05-21 18:45:00,312.0,336.0,0.0,0.0
2026-05-21 19:00:00,320.0,336.0,0.0,0.0
2026-05-21 19:15:00,304.0,328.0,0.0,0.0
2026-05-21 19:30:00,312.0,328.0,0.0,0.0
2026-05-21 19:45:00,320.0,336.0,0.0,0.0
2026-05-21 20:00:00,312.0,336.0,0.0,0.0
2026-05-21 20:15:00,320.0,336.0,0.0,0.0
2026-05-21 20:30:00,320.0,328.0,0.0,0.0
2026-05-21 20:45:00,312.0,336.0,0.0,0.0
2026-05-21 21:00:00,288.0,336.0,0.0,0.0
2026-05-21 21:15:00,96.0,8.0,0.0,0.0
2026-05-21 21:30:00,96.0,0.0,0.0,0.0
2026-05-21 21:45:00,96.0,8.0,0.0,0.0
2026-05-21 22:00:00,32.0,0.0,0.0,0.0
2026-05-21 22:15:00,16.0,0.0,0.0,0.0
2026-05-21 22:30:00,24.0,0.0,0.0,0.0
2026-05-21 22:45:00,16.0,0.0,0.0,0.0
2026-05-21 23:00:00,16.0,8.0,0.0,0.0
2026-05-21 23:15:00,16.0,8.0,0.0,0.0
2026-05-21 23:30:00,16.0,8.0,0.0,0.0
2026-05-21 23:45:00,24.0,0.0,0.0,0.0
2026-05-22 00:00:00,16.0,0.0,0.0,0.0
2026-05-22 00:15:00,8.0,0.0,0.0,0.0
2026-05-22 00:30:00,16.0,8.0,0.0,0.0
2026-05-22 00:45:00,24.0,0.0,0.0,0.0
2026-05-22 01:00:00,16.0,0.0,0.0,0.0
2026-05-22 01:15:00,16.0,0.0,0.0,0.0
2026-05-22 01:30:00,16.0,0.0,0.0,0.0
2026-05-22 01:45:00,24.0,0.0,0.0,0.0
2026-05-22 02:00:00,16.0,0.0,0.0,0.0
2026-05-22 02:15:00,8.0,0.0,0.0,0.0
2026-05-22 02:30:00,16.0,0.0,0.0,0.0
2026-05-22 02:45:00,24.0,8.0,0.0,0.0
2026-05-22 03:00:00,16.0,0.0,0.0,0.0
2026-05-22 03:15:00,16.0,0.0,0.0,0.0
2026-05-22 03:30:00,16.0,0.0,0.0,0.0
2026-05-22 03:45:00,16.0,0.0,0.0,0.0
2026-05-22 04:00:00,16.0,0.0,0.0,0.0
2026-05-22 04:15:00,16.0,0.0,0.0,0.0
2026-05-22 04:30:00,16.0,0.0,0.0,0.0
2026-05-22 04:45:00,16.0,0.0,0.0,0.0
2026-05-22 05:00:00,8.0,0.0,0.0,0.0
2026-05-22 05:15:00,16.0,8.0,0.0,0.0
2026-05-22 05:30:00,16.0,8.0,0.0,0.0
2026-05-22 05:45:00,16.0,0.0,0.0,0.0
2026-05-22 06:00:00,16.0,0.0,0.0,0.0
2026-05-22 06:15:00,16.0,0.0,0.0,0.0
2026-05-22 06:30:00,24.0,0.0,0.0,0.0
2026-05-22 06:45:00,24.0,0.0,0.0,0.0
2026-05-22 07:00:00,8.0,0.0,0.0,0.0
2026-05-22 07:15:00,16.0,0.0,0.0,0.0
2026-05-22 07:30:00,16.0,0.0,0.0,0.0
2026-05-22 07:45:00,24.0,8.0,0.0,0.0
2026-05-22 08:00:00,16.0,0.0,0.0,0.0
2026-05-22 08:15:00,16.0,8.0,0.0,0.0
2026-05-22 08:30:00,24.0,8.0,0.0,0.0
2026-05-22 08:45:00,24.0,0.0,0.0,0.0
2026-05-22 09:00:00,32.0,8.0,0.0,0.0
2026-05-22 09:15:00,40.0,8.0,0.0,0.0
2026-05-22 09:30:00,56.0,8.0,0.0,0.0
2026-05-22 09:45:00,72.0,8.0,0.0,0.0
2026-05-22 10:00:00,264.0,344.0,0.0,0.0
2026-05-22 10:15:00,264.0,344.0,0.0,0.0
2026-05-22 10:30:00,272.0,344.0,0.0,0.0
2026-05-22 10:45:00,256.0,336.0,0.0,0.0
2026-05-22 11:00:00,312.0,336.0,0.0,0.0
2026-05-22 11:15:00,312.0,344.0,0.0,0.0
2026-05-22 11:30:00,312.0,344.0,0.0,0.0
2026-05-22 11:45:00,976.0,424.0,0.0,0.0
2026-05-22 12:00:00,1016.0,424.0,0.0,0.0
2026-05-22 12:15:00,1008.0,424.0,0.0,0.0
2026-05-22 12:30:00,1024.0,424.0,0.0,0.0
2026-05-22 12:45:00,1040.0,424.0,0.0,0.0
2026-05-22 13:00:00,1024.0,424.0,0.0,0.0
2026-05-22 13:15:00,1016.0,432.0,0.0,0.0
2026-05-22 13:30:00,1024.0,424.0,0.0,0.0
2026-05-22 13:45:00,1032.0,432.0,0.0,0.0
2026-05-22 14:00:00,1032.0,432.0,0.0,0.0
2026-05-22 14:15:00,1032.0,432.0,0.0,0.0
2026-05-22 14:30:00,1024.0,432.0,0.0,0.0
2026-05-22 14:45:00,1032.0,432.0,0.0,0.0
2026-05-22 15:00:00,1016.0,432.0,0.0,0.0
2026-05-22 15:15:00,1016.0,432.0,0.0,0.0
2026-05-22 15:30:00,1032.0,432.0,0.0,0.0
2026-05-22 15:45:00,1040.0,432.0,0.0,0.0
2026-05-22 16:00:00,1048.0,424.0,0.0,0.0
2026-05-22 16:15:00,1016.0,424.0,0.0,0.0
2026-05-22 16:30:00,1008.0,424.0,0.0,0.0
2026-05-22 16:45:00,1032.0,432.0,0.0,0.0
2026-05-22 17:00:00,1032.0,432.0,0.0,0.0
2026-05-22 17:15:00,1032.0,424.0,0.0,0.0
2026-05-22 17:30:00,1040.0,424.0,0.0,0.0
2026-05-22 17:45:00,1040.0,432.0,0.0,0.0
2026-05-22 18:00:00,1040.0,424.0,0.0,0.0
2026-05-22 18:15:00,1040.0,432.0,0.0,0.0
2026-05-22 18:30:00,1048.0,432.0,0.0,0.0
2026-05-22 18:45:00,1048.0,424.0,0.0,0.0
2026-05-22 19:00:00,1040.0,432.0,0.0,0.0
2026-05-22 19:15:00,1040.0,424.0,0.0,0.0
2026-05-22 19:30:00,1016.0,424.0,0.0,0.0
2026-05-22 19:45:00,1032.0,424.0,0.0,0.0
2026-05-22 20:00:00,1024.0,424.0,0.0,0.0
2026-05-22 20:15:00,1040.0,432.0,0.0,0.0
2026-05-22 20:30:00,160.0,8.0,0.0,0.0
2026-05-22 20:45:00,168.0,8.0,0.0,0.0
2026-05-22 21:00:00,112.0,8.0,0.0,0.0
2026-05-22 21:15:00,112.0,8.0,0.0,0.0
2026-05-22 21:30:00,112.0,8.0,0.0,0.0
2026-05-22 21:45:00,112.0,8.0,0.0,0.0
2026-05-22 22:00:00,104.0,8.0,0.0,0.0
2026-05-22 22:15:00,24.0,8.0,0.0,0.0
2026-05-22 22:30:00,16.0,8.0,0.0,0.0
2026-05-22 22:45:00,16.0,8.0,0.0,0.0
2026-05-22 23:00:00,16.0,0.0,0.0,0.0
2026-05-22 23:15:00,24.0,0.0,0.0,0.0
2026-05-22 23:30:00,16.0,0.0,0.0,0.0
2026-05-22 23:45:00,16.0,0.0,0.0,0.0
2026-05-23 00:00:00,24.0,0.0,0.0,0.0
2026-05-23 00:15:00,16.0,8.0,0.0,0.0
2026-05-23 00:30:00,16.0,0.0,0.0,0.0
2026-05-23 00:45:00,16.0,0.0,0.0,0.0
2026-05-23 01:00:00,8.0,0.0,0.0,0.0
2026-05-23 01:15:00,24.0,8.0,0.0,0.0
2026-05-23 01:30:00,16.0,0.0,0.0,0.0
2026-05-23 01:45:00,16.0,0.0,0.0,0.0
2026-05-23 02:00:00,16.0,0.0,0.0,0.0
2026-05-23 02:15:00,16.0,0.0,0.0,0.0
2026-05-23 02:30:00,24.0,0.0,0.0,0.0
2026-05-23 02:45:00,16.0,0.0,0.0,0.0
2026-05-23 03:00:00,8.0,0.0,0.0,0.0
2026-05-23 03:15:00,16.0,0.0,0.0,0.0
2026-05-23 03:30:00,24.0,0.0,0.0,0.0
2026-05-23 03:45:00,16.0,0.0,0.0,0.0
2026-05-23 04:00:00,24.0,0.0,0.0,0.0
2026-05-23 04:15:00,16.0,0.0,0.0,0.0
2026-05-23 04:30:00,16.0,0.0,0.0,0.0
2026-05-23 04:45:00,16.0,0.0,0.0,0.0
2026-05-23 05:00:00,16.0,0.0,0.0,0.0
2026-05-23 05:15:00,16.0,0.0,0.0,0.0
2026-05-23 05:30:00,16.0,0.0,0.0,0.0
2026-05-23 05:45:00,16.0,0.0,0.0,0.0
2026-05-23 06:00:00,16.0,0.0,0.0,0.0
2026-05-23 06:15:00,16.0,0.0,0.0,0.0
2026-05-23 06:30:00,16.0,0.0,0.0,0.0
2026-05-23 06:45:00,16.0,0.0,0.0,0.0
2026-05-23 07:00:00,16.0,0.0,0.0,0.0
2026-05-23 07:15:00,16.0,0.0,0.0,0.0
2026-05-23 07:30:00,24.0,8.0,0.0,0.0
2026-05-23 07:45:00,16.0,8.0,0.0,0.0
2026-05-23 08:00:00,16.0,0.0,0.0,0.0
2026-05-23 08:15:00,24.0,8.0,0.0,0.0
2026-05-23 08:30:00,16.0,8.0,0.0,0.0
2026-05-23 08:45:00,16.0,8.0,0.0,0.0
2026-05-23 09:00:00,368.0,424.0,0.0,0.0
2026-05-23 09:15:00,944.0,424.0,0.0,0.0
2026-05-23 09:30:00,952.0,424.0,0.0,0.0
2026-05-23 09:45:00,1008.0,424.0,0.0,0.0
2026-05-23 10:00:00,984.0,424.0,0.0,0.0
2026-05-23 10:15:00,1000.0,424.0,0.0,0.0
2026-05-23 10:30:00,992.0,424.0,0.0,0.0
2026-05-23 10:45:00,1000.0,424.0,0.0,0.0
2026-05-23 11:00:00,1016.0,424.0,0.0,0.0
2026-05-23 11:15:00,1008.0,424.0,0.0,0.0
2026-05-23 11:30:00,1000.0,424.0,0.0,0.0
2026-05-23 11:45:00,1024.0,424.0,0.0,0.0
2026-05-23 12:00:00,1032.0,424.0,0.0,0.0
2026-05-23 12:15:00,1016.0,424.0,0.0,0.0
2026-05-23 12:30:00,1008.0,424.0,0.0,0.0
2026-05-23 12:45:00,1016.0,424.0,0.0,0.0
2026-05-23 13:00:00,1024.0,424.0,0.0,0.0
2026-05-23 13:15:00,1048.0,424.0,0.0,0.0
2026-05-23 13:30:00,1048.0,424.0,0.0,0.0
2026-05-23 13:45:00,1040.0,424.0,0.0,0.0
2026-05-23 14:00:00,1040.0,424.0,0.0,0.0
2026-05-23 14:15:00,1024.0,424.0,0.0,0.0
2026-05-23 14:30:00,1032.0,424.0,0.0,0.0
2026-05-23 14:45:00,1024.0,424.0,0.0,0.0
2026-05-23 15:00:00,1016.0,424.0,0.0,0.0
2026-05-23 15:15:00,1024.0,424.0,0.0,0.0
2026-05-23 15:30:00,1016.0,424.0,0.0,0.0
2026-05-23 15:45:00,1024.0,424.0,0.0,0.0
2026-05-23 16:00:00,1008.0,424.0,0.0,0.0
2026-05-23 16:15:00,1032.0,432.0,0.0,0.0
2026-05-23 16:30:00,1016.0,424.0,0.0,0.0
2026-05-23 16:45:00,1016.0,424.0,0.0,0.0
2026-05-23 17:00:00,1016.0,424.0,0.0,0.0
2026-05-23 17:15:00,1032.0,424.0,0.0,0.0
2026-05-23 17:30:00,1040.0,424.0,0.0,0.0
2026-05-23 17:45:00,1048.0,424.0,0.0,0.0
2026-05-23 18:00:00,1056.0,424.0,0.0,0.0
2026-05-23 18:15:00,1040.0,424.0,0.0,0.0
2026-05-23 18:30:00,1048.0,424.0,0.0,0.0
2026-05-23 18:45:00,1032.0,424.0,0.0,0.0
2026-05-23 19:00:00,1056.0,424.0,0.0,0.0
2026-05-23 19:15:00,1056.0,424.0,0.0,0.0
2026-05-23 19:30:00,1032.0,424.0,0.0,0.0
2026-05-23 19:45:00,1016.0,424.0,0.0,0.0
2026-05-23 20:00:00,1048.0,424.0,0.0,0.0
2026-05-23 20:15:00,1048.0,424.0,0.0,0.0
2026-05-23 20:30:00,1032.0,424.0,0.0,0.0
2026-05-23 20:45:00,408.0,352.0,0.0,0.0
2026-05-23 21:00:00,392.0,360.0,0.0,0.0
2026-05-23 21:15:00,384.0,352.0,0.0,0.0
2026-05-23 21:30:00,344.0,360.0,0.0,0.0
2026-05-23 21:45:00,344.0,352.0,0.0,0.0
2026-05-23 22:00:00,96.0,8.0,0.0,0.0
2026-05-23 22:15:00,80.0,8.0,0.0,0.0
2026-05-23 22:30:00,24.0,8.0,0.0,0.0
2026-05-23 22:45:00,16.0,8.0,0.0,0.0
2026-05-23 23:00:00,24.0,8.0,0.0,0.0
2026-05-23 23:15:00,24.0,8.0,0.0,0.0
2026-05-23 23:30:00,16.0,0.0,0.0,0.0
2026-05-23 23:45:00,16.0,0.0,0.0,0.0
2026-05-24 00:00:00,24.0,0.0,0.0,0.0
2026-05-24 00:15:00,16.0,0.0,0.0,0.0
2026-05-24 00:30:00,16.0,0.0,0.0,0.0
2026-05-24 00:45:00,16.0,8.0,0.0,0.0
2026-05-24 01:00:00,24.0,8.0,0.0,0.0
2026-05-24 01:15:00,24.0,0.0,0.0,0.0
2026-05-24 01:30:00,16.0,0.0,0.0,0.0
2026-05-24 01:45:00,16.0,0.0,0.0,0.0
2026-05-24 02:00:00,24.0,0.0,0.0,0.0
2026-05-24 02:15:00,24.0,0.0,0.0,0.0
2026-05-24 02:30:00,16.0,0.0,0.0,0.0
2026-05-24 02:45:00,16.0,0.0,0.0,0.0
2026-05-24 03:00:00,16.0,0.0,0.0,0.0
2026-05-24 03:15:00,24.0,0.0,0.0,0.0
2026-05-24 03:30:00,16.0,0.0,0.0,0.0
2026-05-24 03:45:00,16.0,0.0,0.0,0.0
2026-05-24 04:00:00,24.0,0.0,0.0,0.0
2026-05-24 04:15:00,16.0,0.0,0.0,0.0
2026-05-24 04:30:00,16.0,8.0,0.0,0.0
2026-05-24 04:45:00,16.0,0.0,0.0,0.0
2026-05-24 05:00:00,16.0,0.0,0.0,0.0
2026-05-24 05:15:00,16.0,0.0,0.0,0.0
2026-05-24 05:30:00,16.0,0.0,0.0,0.0
2026-05-24 05:45:00,16.0,0.0,0.0,0.0
2026-05-24 06:00:00,16.0,0.0,0.0,0.0
2026-05-24 06:15:00,16.0,0.0,0.0,0.0
2026-05-24 06:30:00,16.0,0.0,0.0,0.0
2026-05-24 06:45:00,16.0,8.0,0.0,0.0
2026-05-24 07:00:00,16.0,0.0,0.0,0.0
2026-05-24 07:15:00,16.0,0.0,0.0,0.0
2026-05-24 07:30:00,16.0,0.0,0.0,0.0
2026-05-24 07:45:00,16.0,8.0,0.0,0.0
2026-05-24 08:00:00,24.0,8.0,0.0,0.0
2026-05-24 08:15:00,24.0,8.0,0.0,0.0
2026-05-24 08:30:00,16.0,8.0,0.0,0.0
2026-05-24 08:45:00,16.0,8.0,0.0,0.0
2026-05-24 09:00:00,208.0,288.0,0.0,0.0
2026-05-24 09:15:00,296.0,392.0,0.0,0.0
2026-05-24 09:30:00,928.0,424.0,0.0,0.0
2026-05-24 09:45:00,1016.0,416.0,0.0,0.0
2026-05-24 10:00:00,1000.0,424.0,0.0,0.0
2026-05-24 10:15:00,1000.0,424.0,0.0,0.0
2026-05-24 10:30:00,992.0,424.0,0.0,0.0
2026-05-24 10:45:00,1008.0,424.0,0.0,0.0
2026-05-24 11:00:00,1000.0,424.0,0.0,0.0
2026-05-24 11:15:00,1032.0,424.0,0.0,0.0
2026-05-24 11:30:00,1016.0,424.0,0.0,0.0
2026-05-24 11:45:00,1016.0,432.0,0.0,0.0
2026-05-24 12:00:00,1024.0,432.0,0.0,0.0
2026-05-24 12:15:00,1016.0,432.0,0.0,0.0
2026-05-24 12:30:00,992.0,424.0,0.0,0.0
2026-05-24 12:45:00,1016.0,424.0,0.0,0.0
2026-05-24 13:00:00,1032.0,424.0,0.0,0.0
2026-05-24 13:15:00,1032.0,424.0,0.0,0.0
2026-05-24 13:30:00,1008.0,424.0,0.0,0.0
2026-05-24 13:45:00,1016.0,424.0,0.0,0.0
2026-05-24 14:00:00,1040.0,424.0,0.0,0.0
2026-05-24 14:15:00,1024.0,424.0,0.0,0.0
2026-05-24 14:30:00,1016.0,424.0,0.0,0.0
2026-05-24 14:45:00,1048.0,424.0,0.0,0.0
2026-05-24 15:00:00,1024.0,424.0,0.0,0.0
2026-05-24 15:15:00,1032.0,424.0,0.0,0.0
2026-05-24 15:30:00,1040.0,424.0,0.0,0.0
2026-05-24 15:45:00,1136.0,672.0,0.0,0.0
2026-05-24 16:00:00,1128.0,672.0,0.0,0.0
2026-05-24 16:15:00,1120.0,672.0,0.0,0.0
2026-05-24 16:30:00,1128.0,672.0,0.0,0.0
2026-05-24 16:45:00,1136.0,680.0,0.0,0.0
2026-05-24 17:00:00,1112.0,440.0,0.0,0.0
2026-05-24 17:15:00,1080.0,424.0,0.0,0.0
2026-05-24 17:30:00,1104.0,424.0,0.0,0.0
2026-05-24 17:45:00,1056.0,424.0,0.0,0.0
2026-05-24 18:00:00,1072.0,424.0,0.0,0.0
2026-05-24 18:15:00,1072.0,432.0,0.0,0.0
2026-05-24 18:30:00,1072.0,424.0,0.0,0.0
2026-05-24 18:45:00,1080.0,432.0,0.0,0.0
2026-05-24 19:00:00,1088.0,432.0,0.0,0.0
2026-05-24 19:15:00,1088.0,432.0,0.0,0.0
2026-05-24 19:30:00,1056.0,424.0,0.0,0.0
2026-05-24 19:45:00,1088.0,424.0,0.0,0.0
2026-05-24 20:00:00,1064.0,432.0,0.0,0.0
2026-05-24 20:15:00,1064.0,424.0,0.0,0.0
2026-05-24 20:30:00,432.0,424.0,0.0,0.0
2026-05-24 20:45:00,424.0,360.0,0.0,0.0
2026-05-24 21:00:00,416.0,360.0,0.0,0.0
2026-05-24 21:15:00,432.0,360.0,0.0,0.0
2026-05-24 21:30:00,384.0,352.0,0.0,0.0
2026-05-24 21:45:00,376.0,360.0,0.0,0.0
2026-05-24 22:00:00,368.0,360.0,0.0,0.0
2026-05-24 22:15:00,24.0,8.0,0.0,0.0
2026-05-24 22:30:00,24.0,0.0,0.0,0.0
2026-05-24 22:45:00,16.0,8.0,0.0,0.0
2026-05-24 23:00:00,16.0,8.0,0.0,0.0
2026-05-24 23:15:00,24.0,0.0,0.0,0.0
2026-05-24 23:30:00,24.0,0.0,0.0,0.0
2026-05-24 23:45:00,16.0,8.0,0.0,0.0
2026-05-25 00:00:00,24.0,0.0,0.0,0.0
2026-05-25 00:15:00,16.0,0.0,0.0,0.0
2026-05-25 00:30:00,8.0,0.0,0.0,0.0
2026-05-25 00:45:00,24.0,0.0,0.0,0.0
2026-05-25 01:00:00,16.0,0.0,0.0,0.0
2026-05-25 01:15:00,16.0,0.0,0.0,0.0
2026-05-25 01:30:00,16.0,0.0,0.0,0.0
2026-05-25 01:45:00,16.0,0.0,0.0,0.0
2026-05-25 02:00:00,24.0,0.0,0.0,0.0
2026-05-25 02:15:00,16.0,0.0,0.0,0.0
2026-05-25 02:30:00,16.0,0.0,0.0,0.0
2026-05-25 02:45:00,24.0,8.0,0.0,0.0
2026-05-25 03:00:00,16.0,0.0,0.0,0.0
2026-05-25 03:15:00,16.0,0.0,0.0,0.0
2026-05-25 03:30:00,24.0,0.0,0.0,0.0
2026-05-25 03:45:00,16.0,8.0,0.0,0.0
2026-05-25 04:00:00,16.0,0.0,0.0,0.0
2026-05-25 04:15:00,16.0,0.0,0.0,0.0
2026-05-25 04:30:00,16.0,0.0,0.0,0.0
2026-05-25 04:45:00,24.0,8.0,0.0,0.0
2026-05-25 05:00:00,24.0,0.0,0.0,0.0
2026-05-25 05:15:00,16.0,0.0,0.0,0.0
2026-05-25 05:30:00,16.0,0.0,0.0,0.0
2026-05-25 05:45:00,16.0,0.0,0.0,0.0
2026-05-25 06:00:00,24.0,0.0,0.0,0.0
2026-05-25 06:15:00,16.0,0.0,0.0,0.0
2026-05-25 06:30:00,16.0,0.0,0.0,0.0
2026-05-25 06:45:00,24.0,8.0,0.0,0.0
2026-05-25 07:00:00,24.0,8.0,0.0,0.0
2026-05-25 07:15:00,16.0,0.0,0.0,0.0
2026-05-25 07:30:00,16.0,0.0,0.0,0.0
2026-05-25 07:45:00,16.0,8.0,0.0,0.0
2026-05-25 08:00:00,16.0,8.0,0.0,0.0
2026-05-25 08:15:00,16.0,8.0,0.0,0.0
2026-05-25 08:30:00,24.0,8.0,0.0,0.0
2026-05-25 08:45:00,16.0,8.0,0.0,0.0
2026-05-25 09:00:00,40.0,8.0,0.0,0.0
2026-05-25 09:15:00,432.0,392.0,0.0,0.0
2026-05-25 09:30:00,992.0,384.0,0.0,0.0
2026-05-25 09:45:00,1040.0,424.0,0.0,0.0
2026-05-25 10:00:00,1024.0,424.0,0.0,0.0
2026-05-25 10:15:00,1032.0,424.0,0.0,0.0
2026-05-25 10:30:00,1024.0,424.0,0.0,0.0
2026-05-25 10:45:00,1024.0,424.0,0.0,0.0
2026-05-25 11:00:00,1024.0,424.0,0.0,0.0
2026-05-25 11:15:00,1024.0,424.0,0.0,0.0
2026-05-25 11:30:00,1032.0,424.0,0.0,0.0
2026-05-25 11:45:00,1024.0,424.0,0.0,0.0
2026-05-25 12:00:00,1024.0,424.0,0.0,0.0
2026-05-25 12:15:00,1016.0,424.0,0.0,0.0
2026-05-25 12:30:00,1016.0,424.0,0.0,0.0
2026-05-25 12:45:00,1112.0,432.0,0.0,0.0
2026-05-25 13:00:00,1104.0,424.0,0.0,0.0
2026-05-25 13:15:00,1112.0,432.0,0.0,0.0
2026-05-25 13:30:00,1080.0,432.0,0.0,0.0
2026-05-25 13:45:00,1104.0,432.0,0.0,0.0
2026-05-25 14:00:00,1096.0,432.0,0.0,0.0
2026-05-25 14:15:00,1088.0,432.0,0.0,0.0
2026-05-25 14:30:00,1088.0,432.0,0.0,0.0
2026-05-25 14:45:00,1088.0,432.0,0.0,0.0
2026-05-25 15:00:00,1080.0,672.0,0.0,0.0
2026-05-25 15:15:00,1072.0,680.0,0.0,0.0
2026-05-25 15:30:00,1072.0,680.0,0.0,0.0
2026-05-25 15:45:00,1024.0,448.0,0.0,0.0
2026-05-25 16:00:00,1096.0,432.0,0.0,0.0
2026-05-25 16:15:00,1088.0,432.0,0.0,0.0
2026-05-25 16:30:00,1104.0,432.0,0.0,0.0
2026-05-25 16:45:00,1088.0,432.0,0.0,0.0
2026-05-25 17:00:00,1088.0,432.0,0.0,0.0
2026-05-25 17:15:00,1088.0,432.0,0.0,0.0
2026-05-25 17:30:00,1088.0,432.0,0.0,0.0
2026-05-25 17:45:00,1088.0,432.0,0.0,0.0
2026-05-25 18:00:00,1088.0,432.0,0.0,0.0
2026-05-25 18:15:00,1088.0,432.0,0.0,0.0
2026-05-25 18:30:00,1088.0,432.0,0.0,0.0
2026-05-25 18:45:00,1096.0,432.0,0.0,0.0
2026-05-25 19:00:00,1088.0,432.0,0.0,0.0
2026-05-25 19:15:00,1096.0,432.0,0.0,0.0
2026-05-25 19:30:00,1088.0,432.0,0.0,0.0
2026-05-25 19:45:00,1080.0,432.0,0.0,0.0
2026-05-25 20:00:00,1104.0,432.0,0.0,0.0
2026-05-25 20:15:00,1088.0,432.0,0.0,0.0
2026-05-25 20:30:00,1080.0,432.0,0.0,0.0
2026-05-25 20:45:00,1096.0,432.0,0.0,0.0
2026-05-25 21:00:00,1088.0,432.0,0.0,0.0
2026-05-25 21:15:00,112.0,16.0,0.0,0.0
2026-05-25 21:30:00,72.0,8.0,0.0,0.0
2026-05-25 21:45:00,80.0,8.0,0.0,0.0
2026-05-25 22:00:00,80.0,8.0,0.0,0.0
2026-05-25 22:15:00,24.0,8.0,0.0,0.0
2026-05-25 22:30:00,24.0,8.0,0.0,0.0
2026-05-25 22:45:00,16.0,8.0,0.0,0.0
2026-05-25 23:00:00,24.0,0.0,0.0,0.0
2026-05-25 23:15:00,16.0,0.0,0.0,0.0
2026-05-25 23:30:00,16.0,0.0,0.0,0.0
2026-05-25 23:45:00,24.0,0.0,0.0,0.0
2026-05-26 00:00:00,16.0,0.0,0.0,0.0
2026-05-26 00:15:00,16.0,0.0,0.0,0.0
2026-05-26 00:30:00,16.0,0.0,0.0,0.0
2026-05-26 00:45:00,16.0,8.0,0.0,0.0
2026-05-26 01:00:00,16.0,8.0,0.0,0.0
2026-05-26 01:15:00,16.0,0.0,0.0,0.0
2026-05-26 01:30:00,16.0,0.0,0.0,0.0
2026-05-26 01:45:00,24.0,8.0,0.0,0.0
2026-05-26 02:00:00,24.0,8.0,0.0,0.0
2026-05-26 02:15:00,16.0,0.0,0.0,0.0
2026-05-26 02:30:00,16.0,0.0,0.0,0.0
2026-05-26 02:45:00,24.0,0.0,0.0,0.0
2026-05-26 03:00:00,16.0,0.0,0.0,0.0
2026-05-26 03:15:00,16.0,8.0,0.0,0.0
2026-05-26 03:30:00,16.0,0.0,0.0,0.0
2026-05-26 03:45:00,16.0,0.0,0.0,0.0
2026-05-26 04:00:00,16.0,0.0,0.0,0.0
2026-05-26 04:15:00,16.0,0.0,0.0,0.0
2026-05-26 04:30:00,24.0,0.0,0.0,0.0
2026-05-26 04:45:00,16.0,8.0,0.0,0.0
2026-05-26 05:00:00,16.0,8.0,0.0,0.0
2026-05-26 05:15:00,16.0,0.0,0.0,0.0
2026-05-26 05:30:00,16.0,0.0,0.0,0.0
2026-05-26 05:45:00,16.0,0.0,0.0,0.0
2026-05-26 06:00:00,16.0,0.0,0.0,0.0
2026-05-26 06:15:00,16.0,0.0,0.0,0.0
2026-05-26 06:30:00,24.0,0.0,0.0,0.0
2026-05-26 06:45:00,16.0,0.0,0.0,0.0
2026-05-26 07:00:00,16.0,0.0,0.0,0.0
2026-05-26 07:15:00,16.0,0.0,0.0,0.0
2026-05-26 07:30:00,16.0,8.0,0.0,0.0
2026-05-26 07:45:00,24.0,8.0,0.0,0.0
2026-05-26 08:00:00,16.0,8.0,0.0,0.0
2026-05-26 08:15:00,16.0,8.0,0.0,0.0
2026-05-26 08:30:00,16.0,8.0,0.0,0.0
2026-05-26 08:45:00,24.0,8.0,0.0,0.0
2026-05-26 09:00:00,336.0,320.0,0.0,0.0
2026-05-26 09:15:00,952.0,400.0,0.0,0.0
2026-05-26 09:30:00,1032.0,392.0,0.0,0.0
2026-05-26 09:45:00,1080.0,400.0,0.0,0.0
2026-05-26 10:00:00,992.0,400.0,0.0,0.0
2026-05-26 10:15:00,936.0,400.0,0.0,0.0
2026-05-26 10:30:00,352.0,400.0,0.0,0.0
2026-05-26 10:45:00,352.0,400.0,0.0,0.0
2026-05-26 11:00:00,344.0,400.0,0.0,0.0
2026-05-26 11:15:00,352.0,400.0,0.0,0.0
2026-05-26 11:30:00,352.0,400.0,0.0,0.0
2026-05-26 11:45:00,352.0,400.0,0.0,0.0
2026-05-26 12:00:00,344.0,400.0,0.0,0.0
2026-05-26 12:15:00,360.0,400.0,0.0,0.0
2026-05-26 12:30:00,360.0,408.0,0.0,0.0
2026-05-26 12:45:00,368.0,408.0,0.0,0.0
2026-05-26 13:00:00,360.0,400.0,0.0,0.0
2026-05-26 13:15:00,352.0,400.0,0.0,0.0
2026-05-26 13:30:00,360.0,400.0,0.0,0.0
2026-05-26 13:45:00,360.0,408.0,0.0,0.0
2026-05-26 14:00:00,352.0,400.0,0.0,0.0
2026-05-26 14:15:00,352.0,400.0,0.0,0.0
2026-05-26 14:30:00,344.0,400.0,0.0,0.0
2026-05-26 14:45:00,360.0,400.0,0.0,0.0
2026-05-26 15:00:00,976.0,432.0,0.0,0.0
2026-05-26 15:15:00,976.0,432.0,0.0,0.0
2026-05-26 15:30:00,968.0,432.0,0.0,0.0
2026-05-26 15:45:00,968.0,432.0,0.0,0.0
2026-05-26 16:00:00,968.0,432.0,0.0,0.0
2026-05-26 16:15:00,944.0,432.0,0.0,0.0
2026-05-26 16:30:00,920.0,432.0,0.0,0.0
2026-05-26 16:45:00,920.0,432.0,0.0,0.0
2026-05-26 17:00:00,432.0,432.0,0.0,0.0
2026-05-26 17:15:00,440.0,400.0,0.0,0.0
2026-05-26 17:30:00,440.0,400.0,0.0,0.0
2026-05-26 17:45:00,448.0,392.0,0.0,0.0
2026-05-26 18:00:00,432.0,400.0,0.0,0.0
2026-05-26 18:15:00,440.0,392.0,0.0,0.0
2026-05-26 18:30:00,448.0,392.0,0.0,0.0
2026-05-26 18:45:00,464.0,392.0,0.0,0.0
2026-05-26 19:00:00,448.0,400.0,0.0,0.0
2026-05-26 19:15:00,448.0,400.0,0.0,0.0
2026-05-26 19:30:00,360.0,408.0,0.0,0.0
2026-05-26 19:45:00,344.0,400.0,0.0,0.0
2026-05-26 20:00:00,128.0,8.0,0.0,0.0
2026-05-26 20:15:00,136.0,8.0,0.0,0.0
2026-05-26 20:30:00,128.0,8.0,0.0,0.0
2026-05-26 20:45:00,120.0,8.0,0.0,0.0
2026-05-26 21:00:00,112.0,8.0,0.0,0.0
2026-05-26 21:15:00,104.0,8.0,0.0,0.0
2026-05-26 21:30:00,80.0,8.0,0.0,0.0
2026-05-26 21:45:00,80.0,8.0,0.0,0.0
2026-05-26 22:00:00,16.0,8.0,0.0,0.0
2026-05-26 22:15:00,16.0,0.0,0.0,0.0
2026-05-26 22:30:00,24.0,0.0,0.0,0.0
2026-05-26 22:45:00,16.0,0.0,0.0,0.0
2026-05-26 23:00:00,16.0,8.0,0.0,0.0
2026-05-26 23:15:00,16.0,0.0,0.0,0.0
2026-05-26 23:30:00,24.0,0.0,0.0,0.0
2026-05-26 23:45:00,16.0,0.0,0.0,0.0
2026-05-27 00:00:00,16.0,0.0,0.0,0.0
2026-05-27 00:15:00,16.0,0.0,0.0,0.0
2026-05-27 00:30:00,24.0,0.0,0.0,0.0
2026-05-27 00:45:00,16.0,8.0,0.0,0.0
2026-05-27 01:00:00,8.0,0.0,0.0,0.0
2026-05-27 01:15:00,24.0,8.0,0.0,0.0
2026-05-27 01:30:00,16.0,0.0,0.0,0.0
2026-05-27 01:45:00,,,0.0,0.0
2026-05-27 02:00:00,,,0.0,0.0
2026-05-27 02:15:00,,,0.0,0.0
2026-05-27 02:30:00,,,0.0,0.0
2026-05-27 02:45:00,0.0,8.0,0.0,0.0
2026-05-27 03:00:00,16.0,0.0,0.0,0.0
2026-05-27 03:15:00,16.0,0.0,0.0,0.0
2026-05-27 03:30:00,16.0,0.0,0.0,0.0
2026-05-27 03:45:00,16.0,0.0,0.0,0.0
2026-05-27 04:00:00,16.0,0.0,0.0,0.0
2026-05-27 04:15:00,16.0,0.0,0.0,0.0
2026-05-27 04:30:00,8.0,0.0,0.0,0.0
2026-05-27 04:45:00,16.0,0.0,0.0,0.0
2026-05-27 05:00:00,16.0,0.0,0.0,0.0
2026-05-27 05:15:00,8.0,0.0,0.0,0.0
2026-05-27 05:30:00,16.0,0.0,0.0,0.0
2026-05-27 05:45:00,16.0,0.0,0.0,0.0
2026-05-27 06:00:00,16.0,0.0,0.0,0.0
2026-05-27 06:15:00,16.0,0.0,0.0,0.0
2026-05-27 06:30:00,16.0,8.0,0.0,0.0
2026-05-27 06:45:00,16.0,8.0,0.0,0.0
2026-05-27 07:00:00,16.0,8.0,0.0,0.0
2026-05-27 07:15:00,16.0,8.0,0.0,0.0
2026-05-27 07:30:00,24.0,8.0,0.0,0.0
2026-05-27 07:45:00,16.0,8.0,0.0,0.0
2026-05-27 08:00:00,16.0,8.0,0.0,0.0
2026-05-27 08:15:00,16.0,8.0,0.0,0.0
2026-05-27 08:30:00,16.0,8.0,0.0,0.0
2026-05-27 08:45:00,24.0,8.0,0.0,0.0
2026-05-27 09:00:00,40.0,8.0,0.0,0.0
2026-05-27 09:15:00,32.0,8.0,0.0,0.0
2026-05-27 09:30:00,56.0,8.0,0.0,0.0
2026-05-27 09:45:00,64.0,8.0,0.0,0.0
2026-05-27 10:00:00,200.0,288.0,0.0,0.0
2026-05-27 10:15:00,200.0,288.0,0.0,0.0
2026-05-27 10:30:00,296.0,336.0,0.0,0.0
2026-05-27 10:45:00,296.0,336.0,0.0,0.0
2026-05-27 11:00:00,296.0,344.0,0.0,0.0
2026-05-27 11:15:00,296.0,336.0,0.0,0.0
2026-05-27 11:30:00,296.0,336.0,0.0,0.0
2026-05-27 11:45:00,312.0,336.0,0.0,0.0
2026-05-27 12:00:00,312.0,336.0,0.0,0.0
2026-05-27 12:15:00,232.0,344.0,0.0,0.0
2026-05-27 12:30:00,224.0,344.0,0.0,0.0
2026-05-27 12:45:00,240.0,344.0,0.0,0.0
2026-05-27 13:00:00,248.0,344.0,0.0,0.0
2026-05-27 13:15:00,248.0,344.0,0.0,0.0
2026-05-27 13:30:00,248.0,344.0,0.0,0.0
2026-05-27 13:45:00,240.0,344.0,0.0,0.0
2026-05-27 14:00:00,248.0,344.0,0.0,0.0
2026-05-27 14:15:00,232.0,344.0,0.0,0.0
2026-05-27 14:30:00,232.0,344.0,0.0,0.0
2026-05-27 14:45:00,232.0,344.0,0.0,0.0
2026-05-27 15:00:00,232.0,344.0,0.0,0.0
2026-05-27 15:15:00,232.0,344.0,0.0,0.0
2026-05-27 15:30:00,240.0,336.0,0.0,0.0
2026-05-27 15:45:00,240.0,336.0,0.0,0.0
2026-05-27 16:00:00,248.0,344.0,0.0,0.0
2026-05-27 16:15:00,232.0,336.0,0.0,0.0
2026-05-27 16:30:00,240.0,344.0,0.0,0.0
2026-05-27 16:45:00,232.0,336.0,0.0,0.0
2026-05-27 17:00:00,240.0,336.0,0.0,0.0
2026-05-27 17:15:00,248.0,336.0,0.0,0.0
2026-05-27 17:30:00,232.0,344.0,0.0,0.0
2026-05-27 17:45:00,248.0,336.0,0.0,0.0
2026-05-27 18:00:00,248.0,344.0,0.0,0.0
2026-05-27 18:15:00,248.0,336.0,0.0,0.0
2026-05-27 18:30:00,248.0,344.0,0.0,0.0
2026-05-27 18:45:00,240.0,344.0,0.0,0.0
2026-05-27 19:00:00,248.0,336.0,0.0,0.0
2026-05-27 19:15:00,248.0,344.0,0.0,0.0
2026-05-27 19:30:00,240.0,344.0,0.0,0.0
2026-05-27 19:45:00,152.0,8.0,0.0,0.0
2026-05-27 20:00:00,152.0,8.0,0.0,0.0
2026-05-27 20:15:00,144.0,8.0,0.0,0.0
2026-05-27 20:30:00,152.0,8.0,0.0,0.0
2026-05-27 20:45:00,152.0,8.0,0.0,0.0
2026-05-27 21:00:00,56.0,8.0,0.0,0.0
2026-05-27 21:15:00,64.0,8.0,0.0,0.0
2026-05-27 21:30:00,40.0,8.0,0.0,0.0
2026-05-27 21:45:00,32.0,8.0,0.0,0.0
2026-05-27 22:00:00,16.0,8.0,0.0,0.0
2026-05-27 22:15:00,16.0,8.0,0.0,0.0
2026-05-27 22:30:00,24.0,8.0,0.0,0.0
2026-05-27 22:45:00,16.0,8.0,0.0,0.0
2026-05-27 23:00:00,16.0,8.0,0.0,0.0
2026-05-27 23:15:00,24.0,8.0,,
2026-05-27 23:30:00,24.0,8.0,,
2026-05-27 23:45:00,24.0,8.0,,
2026-05-28 00:00:00,16.0,8.0,,
2026-05-28 00:15:00,16.0,8.0,,
2026-05-28 00:30:00,24.0,8.0,,
2026-05-28 00:45:00,16.0,8.0,,
2026-05-28 01:00:00,16.0,0.0,,
2026-05-28 01:15:00,24.0,8.0,,
2026-05-28 01:30:00,16.0,8.0,,
2026-05-28 01:45:00,24.0,8.0,,
2026-05-28 02:00:00,24.0,8.0,,
2026-05-28 02:15:00,16.0,8.0,,
2026-05-28 02:30:00,16.0,8.0,,
2026-05-28 02:45:00,16.0,8.0,,
2026-05-28 03:00:00,16.0,8.0,,
2026-05-28 03:15:00,16.0,8.0,,
2026-05-28 03:30:00,16.0,8.0,,
2026-05-28 03:45:00,16.0,8.0,,
2026-05-28 04:00:00,16.0,8.0,,
2026-05-28 04:15:00,16.0,8.0,,
2026-05-28 04:30:00,16.0,8.0,,
2026-05-28 04:45:00,16.0,8.0,,
2026-05-28 05:00:00,16.0,8.0,0.0,0.0
2026-05-28 05:15:00,16.0,8.0,0.0,0.0
2026-05-28 05:30:00,16.0,8.0,0.0,0.0
2026-05-28 05:45:00,24.0,8.0,0.0,0.0
2026-05-28 06:00:00,16.0,8.0,0.0,0.0
2026-05-28 06:15:00,16.0,8.0,0.0,0.0
2026-05-28 06:30:00,24.0,8.0,0.0,0.0
2026-05-28 06:45:00,16.0,8.0,0.0,0.0
2026-05-28 07:00:00,16.0,8.0,0.0,0.0
2026-05-28 07:15:00,16.0,8.0,0.0,0.0
2026-05-28 07:30:00,16.0,8.0,0.0,0.0
2026-05-28 07:45:00,192.0,64.0,0.0,0.0
2026-05-28 08:00:00,104.0,8.0,0.0,0.0
2026-05-28 08:15:00,96.0,16.0,0.0,0.0
2026-05-28 08:30:00,104.0,8.0,0.0,0.0
2026-05-28 08:45:00,112.0,8.0,0.0,0.0
2026-05-28 09:00:00,120.0,8.0,0.0,0.0
2026-05-28 09:15:00,120.0,8.0,0.0,0.0
2026-05-28 09:30:00,152.0,16.0,0.0,0.0
2026-05-28 09:45:00,224.0,296.0,0.0,0.0
2026-05-28 10:00:00,176.0,296.0,0.0,0.0
2026-05-28 10:15:00,376.0,376.0,0.0,0.0
2026-05-28 10:30:00,944.0,440.0,0.0,0.0
2026-05-28 10:45:00,968.0,440.0,0.0,0.0
2026-05-28 11:00:00,968.0,440.0,0.0,0.0
2026-05-28 11:15:00,976.0,440.0,0.0,0.0
2026-05-28 11:30:00,968.0,440.0,0.0,0.0
2026-05-28 11:45:00,968.0,424.0,0.0,0.0
2026-05-28 12:00:00,1016.0,424.0,0.0,0.0
2026-05-28 12:15:00,968.0,424.0,0.0,0.0
2026-05-28 12:30:00,984.0,424.0,0.0,0.0
2026-05-28 12:45:00,976.0,424.0,0.0,0.0
2026-05-28 13:00:00,960.0,424.0,0.0,0.0
2026-05-28 13:15:00,976.0,424.0,0.0,0.0
2026-05-28 13:30:00,976.0,424.0,0.0,0.0
2026-05-28 13:45:00,968.0,424.0,0.0,0.0
2026-05-28 14:00:00,968.0,424.0,0.0,0.0
2026-05-28 14:15:00,976.0,424.0,0.0,0.0
2026-05-28 14:30:00,968.0,424.0,0.0,0.0
2026-05-28 14:45:00,344.0,344.0,0.0,0.0
2026-05-28 15:00:00,352.0,344.0,0.0,0.0
2026-05-28 15:15:00,336.0,344.0,0.0,0.0
2026-05-28 15:30:00,352.0,344.0,0.0,0.0
2026-05-28 15:45:00,344.0,336.0,0.0,0.0
2026-05-28 16:00:00,344.0,344.0,0.0,0.0
2026-05-28 16:15:00,344.0,344.0,0.0,0.0
2026-05-28 16:30:00,336.0,344.0,0.0,0.0
2026-05-28 16:45:00,320.0,376.0,0.0,0.0
2026-05-28 17:00:00,1000.0,440.0,0.0,0.0
2026-05-28 17:15:00,992.0,440.0,0.0,0.0
2026-05-28 17:30:00,1000.0,448.0,0.0,0.0
2026-05-28 17:45:00,1008.0,440.0,0.0,0.0
2026-05-28 18:00:00,1000.0,440.0,0.0,0.0
2026-05-28 18:15:00,368.0,344.0,0.0,0.0
2026-05-28 18:30:00,376.0,352.0,0.0,0.0
2026-05-28 18:45:00,360.0,344.0,0.0,0.0
2026-05-28 19:00:00,368.0,344.0,0.0,0.0
2026-05-28 19:15:00,344.0,344.0,0.0,0.0
2026-05-28 19:30:00,360.0,344.0,0.0,0.0
2026-05-28 19:45:00,344.0,344.0,0.0,0.0
2026-05-28 20:00:00,344.0,344.0,0.0,0.0
2026-05-28 20:15:00,160.0,8.0,0.0,0.0
2026-05-28 20:30:00,160.0,8.0,0.0,0.0
2026-05-28 20:45:00,160.0,8.0,0.0,0.0
2026-05-28 21:00:00,144.0,8.0,0.0,0.0
2026-05-28 21:15:00,128.0,8.0,0.0,0.0
2026-05-28 21:30:00,112.0,8.0,0.0,0.0
2026-05-28 21:45:00,120.0,8.0,0.0,0.0
2026-05-28 22:00:00,104.0,8.0,0.0,0.0
2026-05-28 22:15:00,88.0,8.0,0.0,0.0
2026-05-28 22:30:00,24.0,8.0,0.0,0.0
2026-05-28 22:45:00,16.0,8.0,0.0,0.0
2026-05-28 23:00:00,24.0,8.0,0.0,0.0
2026-05-28 23:15:00,16.0,0.0,0.0,0.0
2026-05-28 23:30:00,16.0,8.0,0.0,0.0
2026-05-28 23:45:00,16.0,0.0,0.0,0.0
2026-05-29 00:00:00,24.0,8.0,0.0,0.0
2026-05-29 00:15:00,16.0,0.0,0.0,0.0
2026-05-29 00:30:00,24.0,8.0,0.0,0.0
2026-05-29 00:45:00,16.0,0.0,0.0,0.0
2026-05-29 01:00:00,24.0,8.0,0.0,0.0
2026-05-29 01:15:00,16.0,8.0,0.0,0.0
2026-05-29 01:30:00,16.0,8.0,0.0,0.0
2026-05-29 01:45:00,24.0,8.0,0.0,0.0
2026-05-29 02:00:00,16.0,8.0,0.0,0.0
2026-05-29 02:15:00,16.0,0.0,0.0,0.0
2026-05-29 02:30:00,24.0,8.0,0.0,0.0
2026-05-29 02:45:00,16.0,8.0,0.0,0.0
2026-05-29 03:00:00,24.0,8.0,0.0,0.0
2026-05-29 03:15:00,16.0,0.0,0.0,0.0
2026-05-29 03:30:00,16.0,8.0,0.0,0.0
2026-05-29 03:45:00,24.0,0.0,0.0,0.0
2026-05-29 04:00:00,16.0,8.0,0.0,0.0
2026-05-29 04:15:00,16.0,8.0,0.0,0.0
2026-05-29 04:30:00,16.0,8.0,0.0,0.0
2026-05-29 04:45:00,16.0,0.0,0.0,0.0
2026-05-29 05:00:00,24.0,0.0,0.0,0.0
2026-05-29 05:15:00,8.0,0.0,0.0,0.0
2026-05-29 05:30:00,16.0,8.0,0.0,0.0
2026-05-29 05:45:00,24.0,0.0,0.0,0.0
2026-05-29 06:00:00,16.0,8.0,0.0,0.0
2026-05-29 06:15:00,8.0,8.0,0.0,0.0
2026-05-29 06:30:00,16.0,8.0,0.0,0.0
2026-05-29 06:45:00,16.0,8.0,0.0,0.0
2026-05-29 07:00:00,16.0,8.0,0.0,0.0
2026-05-29 07:15:00,16.0,8.0,0.0,0.0
2026-05-29 07:30:00,16.0,8.0,0.0,0.0
2026-05-29 07:45:00,16.0,8.0,0.0,0.0
2026-05-29 08:00:00,16.0,8.0,0.0,0.0
2026-05-29 08:15:00,16.0,8.0,0.0,0.0
2026-05-29 08:30:00,24.0,8.0,0.0,0.0
2026-05-29 08:45:00,16.0,8.0,0.0,0.0
2026-05-29 09:00:00,40.0,8.0,0.0,0.0
2026-05-29 09:15:00,40.0,8.0,0.0,0.0
2026-05-29 09:30:00,64.0,8.0,0.0,0.0
2026-05-29 09:45:00,232.0,288.0,0.0,0.0
2026-05-29 10:00:00,152.0,344.0,0.0,0.0
2026-05-29 10:15:00,296.0,336.0,0.0,0.0
2026-05-29 10:30:00,320.0,336.0,0.0,0.0
2026-05-29 10:45:00,912.0,336.0,0.0,0.0
2026-05-29 11:00:00,976.0,368.0,0.0,0.0
2026-05-29 11:15:00,960.0,368.0,0.0,0.0
2026-05-29 11:30:00,952.0,368.0,0.0,0.0
2026-05-29 11:45:00,344.0,336.0,0.0,0.0
2026-05-29 12:00:00,312.0,336.0,0.0,0.0
2026-05-29 12:15:00,296.0,336.0,0.0,0.0
2026-05-29 12:30:00,304.0,336.0,0.0,0.0
2026-05-29 12:45:00,288.0,336.0,0.0,0.0
2026-05-29 13:00:00,280.0,336.0,0.0,0.0
2026-05-29 13:15:00,288.0,336.0,0.0,0.0
2026-05-29 13:30:00,296.0,336.0,0.0,0.0
2026-05-29 13:45:00,280.0,336.0,0.0,0.0
2026-05-29 14:00:00,280.0,336.0,0.0,0.0
2026-05-29 14:15:00,288.0,336.0,0.0,0.0
2026-05-29 14:30:00,280.0,336.0,0.0,0.0
2026-05-29 14:45:00,280.0,336.0,0.0,0.0
2026-05-29 15:00:00,280.0,336.0,0.0,0.0
2026-05-29 15:15:00,304.0,336.0,0.0,0.0
2026-05-29 15:30:00,280.0,336.0,0.0,0.0
2026-05-29 15:45:00,280.0,336.0,0.0,0.0
2026-05-29 16:00:00,280.0,344.0,0.0,0.0
2026-05-29 16:15:00,280.0,336.0,0.0,0.0
2026-05-29 16:30:00,288.0,336.0,0.0,0.0
2026-05-29 16:45:00,288.0,336.0,0.0,0.0
2026-05-29 17:00:00,288.0,336.0,0.0,0.0
2026-05-29 17:15:00,280.0,336.0,0.0,0.0
2026-05-29 17:30:00,304.0,336.0,0.0,0.0
2026-05-29 17:45:00,296.0,336.0,0.0,0.0
2026-05-29 18:00:00,312.0,336.0,0.0,0.0
2026-05-29 18:15:00,296.0,336.0,0.0,0.0
2026-05-29 18:30:00,296.0,336.0,0.0,0.0
2026-05-29 18:45:00,320.0,336.0,0.0,0.0
2026-05-29 19:00:00,296.0,336.0,0.0,0.0
2026-05-29 19:15:00,304.0,336.0,0.0,0.0
2026-05-29 19:30:00,304.0,336.0,0.0,0.0
2026-05-29 19:45:00,152.0,8.0,0.0,0.0
2026-05-29 20:00:00,168.0,8.0,0.0,0.0
2026-05-29 20:15:00,168.0,8.0,0.0,0.0
2026-05-29 20:30:00,88.0,8.0,0.0,0.0
2026-05-29 20:45:00,72.0,8.0,0.0,0.0
2026-05-29 21:00:00,80.0,8.0,0.0,0.0
2026-05-29 21:15:00,64.0,8.0,0.0,0.0
2026-05-29 21:30:00,48.0,8.0,0.0,0.0
2026-05-29 21:45:00,32.0,8.0,0.0,0.0
2026-05-29 22:00:00,24.0,8.0,0.0,0.0
2026-05-29 22:15:00,32.0,8.0,0.0,0.0
2026-05-29 22:30:00,24.0,8.0,0.0,0.0
2026-05-29 22:45:00,16.0,8.0,0.0,0.0
2026-05-29 23:00:00,16.0,8.0,0.0,0.0
2026-05-29 23:15:00,24.0,8.0,0.0,0.0
2026-05-29 23:30:00,24.0,0.0,0.0,0.0
2026-05-29 23:45:00,16.0,8.0,0.0,0.0
2026-05-30 00:00:00,8.0,8.0,0.0,0.0
2026-05-30 00:15:00,16.0,8.0,0.0,0.0
2026-05-30 00:30:00,16.0,8.0,0.0,0.0
2026-05-30 00:45:00,16.0,8.0,0.0,0.0
2026-05-30 01:00:00,16.0,8.0,0.0,0.0
2026-05-30 01:15:00,16.0,8.0,0.0,0.0
2026-05-30 01:30:00,16.0,8.0,0.0,0.0
2026-05-30 01:45:00,16.0,8.0,0.0,0.0
2026-05-30 02:00:00,16.0,8.0,0.0,0.0
2026-05-30 02:15:00,16.0,8.0,0.0,0.0
2026-05-30 02:30:00,16.0,8.0,0.0,0.0
2026-05-30 02:45:00,24.0,8.0,0.0,0.0
2026-05-30 03:00:00,16.0,8.0,0.0,0.0
2026-05-30 03:15:00,16.0,8.0,0.0,0.0
2026-05-30 03:30:00,16.0,8.0,0.0,0.0
2026-05-30 03:45:00,8.0,8.0,0.0,0.0
2026-05-30 04:00:00,16.0,8.0,0.0,0.0
2026-05-30 04:15:00,16.0,0.0,0.0,0.0
2026-05-30 04:30:00,16.0,8.0,0.0,0.0
2026-05-30 04:45:00,16.0,8.0,0.0,0.0
2026-05-30 05:00:00,16.0,8.0,0.0,0.0
2026-05-30 05:15:00,16.0,8.0,0.0,0.0
2026-05-30 05:30:00,16.0,8.0,0.0,0.0
2026-05-30 05:45:00,8.0,8.0,0.0,0.0
2026-05-30 06:00:00,8.0,0.0,0.0,0.0
2026-05-30 06:15:00,24.0,8.0,0.0,0.0
2026-05-30 06:30:00,16.0,8.0,0.0,0.0
2026-05-30 06:45:00,16.0,8.0,0.0,0.0
2026-05-30 07:00:00,16.0,0.0,0.0,0.0
2026-05-30 07:15:00,16.0,8.0,0.0,0.0
2026-05-30 07:30:00,24.0,8.0,0.0,0.0
2026-05-30 07:45:00,16.0,8.0,0.0,0.0
2026-05-30 08:00:00,8.0,8.0,0.0,0.0
2026-05-30 08:15:00,184.0,304.0,0.0,0.0
2026-05-30 08:30:00,240.0,344.0,0.0,0.0
2026-05-30 08:45:00,240.0,336.0,0.0,0.0
2026-05-30 09:00:00,256.0,336.0,0.0,0.0
2026-05-30 09:15:00,288.0,344.0,0.0,0.0
2026-05-30 09:30:00,312.0,344.0,0.0,0.0
2026-05-30 09:45:00,312.0,336.0,0.0,0.0
2026-05-30 10:00:00,304.0,344.0,0.0,0.0
2026-05-30 10:15:00,352.0,336.0,0.0,0.0
2026-05-30 10:30:00,352.0,336.0,0.0,0.0
2026-05-30 10:45:00,352.0,336.0,0.0,0.0
2026-05-30 11:00:00,360.0,288.0,0.0,0.0
2026-05-30 11:15:00,368.0,296.0,0.0,0.0
2026-05-30 11:30:00,360.0,296.0,0.0,0.0
2026-05-30 11:45:00,360.0,288.0,0.0,0.0
2026-05-30 12:00:00,360.0,288.0,0.0,0.0
2026-05-30 12:15:00,384.0,296.0,0.0,0.0
2026-05-30 12:30:00,368.0,336.0,0.0,0.0
2026-05-30 12:45:00,360.0,344.0,0.0,0.0
2026-05-30 13:00:00,376.0,336.0,0.0,0.0
2026-05-30 13:15:00,368.0,336.0,0.0,0.0
2026-05-30 13:30:00,968.0,376.0,0.0,0.0
2026-05-30 13:45:00,992.0,368.0,0.0,0.0
2026-05-30 14:00:00,992.0,368.0,0.0,0.0
2026-05-30 14:15:00,1000.0,376.0,0.0,0.0
2026-05-30 14:30:00,1016.0,368.0,0.0,0.0
2026-05-30 14:45:00,1032.0,368.0,0.0,0.0
2026-05-30 15:00:00,1016.0,376.0,0.0,0.0
2026-05-30 15:15:00,1008.0,368.0,0.0,0.0
2026-05-30 15:30:00,1000.0,376.0,0.0,0.0
2026-05-30 15:45:00,1000.0,368.0,0.0,0.0
2026-05-30 16:00:00,984.0,368.0,0.0,0.0
2026-05-30 16:15:00,992.0,368.0,0.0,0.0
2026-05-30 16:30:00,992.0,368.0,0.0,0.0
2026-05-30 16:45:00,992.0,368.0,0.0,0.0
2026-05-30 17:00:00,992.0,368.0,0.0,0.0
2026-05-30 17:15:00,976.0,368.0,0.0,0.0
2026-05-30 17:30:00,336.0,336.0,0.0,0.0
2026-05-30 17:45:00,336.0,336.0,0.0,0.0
2026-05-30 18:00:00,336.0,336.0,0.0,0.0
2026-05-30 18:15:00,416.0,344.0,0.0,0.0
2026-05-30 18:30:00,384.0,344.0,0.0,0.0
2026-05-30 18:45:00,408.0,344.0,0.0,0.0
2026-05-30 19:00:00,392.0,344.0,0.0,0.0
2026-05-30 19:15:00,400.0,336.0,0.0,0.0
2026-05-30 19:30:00,408.0,336.0,0.0,0.0
2026-05-30 19:45:00,400.0,336.0,0.0,0.0
2026-05-30 20:00:00,384.0,336.0,0.0,0.0
2026-05-30 20:15:00,392.0,336.0,0.0,0.0
2026-05-30 20:30:00,392.0,336.0,0.0,0.0
2026-05-30 20:45:00,384.0,336.0,0.0,0.0
2026-05-30 21:00:00,376.0,336.0,0.0,0.0
2026-05-30 21:15:00,152.0,8.0,0.0,0.0
2026-05-30 21:30:00,120.0,8.0,0.0,0.0
2026-05-30 21:45:00,48.0,8.0,0.0,0.0
2026-05-30 22:00:00,40.0,8.0,0.0,0.0
2026-05-30 22:15:00,40.0,8.0,0.0,0.0
2026-05-30 22:30:00,16.0,8.0,0.0,0.0
2026-05-30 22:45:00,16.0,8.0,0.0,0.0
2026-05-30 23:00:00,24.0,0.0,0.0,0.0
2026-05-30 23:15:00,24.0,8.0,0.0,0.0
2026-05-30 23:30:00,16.0,8.0,0.0,0.0
2026-05-30 23:45:00,24.0,8.0,0.0,0.0
2026-05-31 00:00:00,16.0,0.0,0.0,0.0
2026-05-31 00:15:00,16.0,8.0,0.0,0.0
2026-05-31 00:30:00,16.0,0.0,0.0,0.0
2026-05-31 00:45:00,16.0,0.0,0.0,0.0
2026-05-31 01:00:00,24.0,0.0,0.0,0.0
2026-05-31 01:15:00,16.0,0.0,0.0,0.0
2026-05-31 01:30:00,16.0,8.0,0.0,0.0
2026-05-31 01:45:00,16.0,8.0,0.0,0.0
2026-05-31 02:00:00,16.0,0.0,0.0,0.0
2026-05-31 02:15:00,16.0,8.0,0.0,0.0
2026-05-31 02:30:00,16.0,0.0,0.0,0.0
2026-05-31 02:45:00,16.0,8.0,0.0,0.0
2026-05-31 03:00:00,16.0,0.0,0.0,0.0
2026-05-31 03:15:00,16.0,0.0,0.0,0.0
2026-05-31 03:30:00,16.0,8.0,0.0,0.0
2026-05-31 03:45:00,16.0,8.0,0.0,0.0
2026-05-31 04:00:00,16.0,8.0,0.0,0.0
2026-05-31 04:15:00,16.0,0.0,0.0,0.0
2026-05-31 04:30:00,16.0,8.0,0.0,0.0
2026-05-31 04:45:00,16.0,0.0,0.0,0.0
2026-05-31 05:00:00,24.0,8.0,0.0,0.0
2026-05-31 05:15:00,16.0,0.0,0.0,0.0
2026-05-31 05:30:00,16.0,0.0,0.0,0.0
2026-05-31 05:45:00,16.0,0.0,0.0,0.0
2026-05-31 06:00:00,16.0,8.0,0.0,0.0
2026-05-31 06:15:00,24.0,0.0,0.0,0.0
2026-05-31 06:30:00,16.0,0.0,0.0,0.0
2026-05-31 06:45:00,16.0,8.0,0.0,0.0
2026-05-31 07:00:00,16.0,0.0,0.0,0.0
2026-05-31 07:15:00,24.0,8.0,0.0,0.0
2026-05-31 07:30:00,16.0,8.0,0.0,0.0
2026-05-31 07:45:00,16.0,8.0,0.0,0.0
2026-05-31 08:00:00,16.0,8.0,0.0,0.0
2026-05-31 08:15:00,272.0,288.0,0.0,0.0
2026-05-31 08:30:00,208.0,288.0,0.0,0.0
2026-05-31 08:45:00,272.0,344.0,0.0,0.0
2026-05-31 09:00:00,280.0,344.0,0.0,0.0
2026-05-31 09:15:00,280.0,352.0,0.0,0.0
2026-05-31 09:30:00,312.0,352.0,0.0,0.0
2026-05-31 09:45:00,312.0,344.0,0.0,0.0
2026-05-31 10:00:00,304.0,344.0,0.0,0.0
2026-05-31 10:15:00,304.0,352.0,0.0,0.0
2026-05-31 10:30:00,304.0,344.0,0.0,0.0
2026-05-31 10:45:00,360.0,344.0,0.0,0.0
2026-05-31 11:00:00,368.0,336.0,0.0,0.0
2026-05-31 11:15:00,336.0,344.0,0.0,0.0
2026-05-31 11:30:00,352.0,344.0,0.0,0.0
2026-05-31 11:45:00,360.0,344.0,0.0,0.0
2026-05-31 12:00:00,352.0,344.0,0.0,0.0
2026-05-31 12:15:00,360.0,344.0,0.0,0.0
2026-05-31 12:30:00,368.0,344.0,0.0,0.0
2026-05-31 12:45:00,368.0,344.0,0.0,0.0
2026-05-31 13:00:00,376.0,344.0,0.0,0.0
2026-05-31 13:15:00,376.0,344.0,0.0,0.0
2026-05-31 13:30:00,368.0,344.0,0.0,0.0
2026-05-31 13:45:00,376.0,344.0,0.0,0.0
2026-05-31 14:00:00,352.0,344.0,0.0,0.0
2026-05-31 14:15:00,368.0,336.0,0.0,0.0
2026-05-31 14:30:00,992.0,440.0,0.0,0.0
2026-05-31 14:45:00,1056.0,440.0,0.0,0.0
2026-05-31 15:00:00,1064.0,448.0,0.0,0.0
2026-05-31 15:15:00,1056.0,448.0,0.0,0.0
2026-05-31 15:30:00,1048.0,448.0,0.0,0.0
2026-05-31 15:45:00,1048.0,448.0,0.0,0.0
2026-05-31 16:00:00,1040.0,448.0,0.0,0.0
2026-05-31 16:15:00,1032.0,448.0,0.0,0.0
2026-05-31 16:30:00,1048.0,448.0,0.0,0.0
2026-05-31 16:45:00,1040.0,440.0,0.0,0.0
2026-05-31 17:00:00,1048.0,448.0,0.0,0.0
2026-05-31 17:15:00,1056.0,440.0,0.0,0.0
2026-05-31 17:30:00,1056.0,448.0,0.0,0.0
2026-05-31 17:45:00,1056.0,376.0,0.0,0.0
2026-05-31 18:00:00,1072.0,376.0,0.0,0.0
2026-05-31 18:15:00,1064.0,376.0,0.0,0.0
2026-05-31 18:30:00,992.0,376.0,0.0,0.0
2026-05-31 18:45:00,984.0,376.0,0.0,0.0
2026-05-31 19:00:00,944.0,376.0,0.0,0.0
2026-05-31 19:15:00,968.0,376.0,0.0,0.0
2026-05-31 19:30:00,960.0,376.0,0.0,0.0
2026-05-31 19:45:00,920.0,376.0,0.0,0.0
2026-05-31 20:00:00,968.0,376.0,0.0,0.0
2026-05-31 20:15:00,384.0,344.0,0.0,0.0
2026-05-31 20:30:00,368.0,344.0,0.0,0.0
2026-05-31 20:45:00,360.0,344.0,0.0,0.0
2026-05-31 21:00:00,352.0,344.0,0.0,0.0
2026-05-31 21:15:00,144.0,8.0,0.0,0.0
2026-05-31 21:30:00,48.0,8.0,0.0,0.0
2026-05-31 21:45:00,48.0,8.0,0.0,0.0
2026-05-31 22:00:00,40.0,8.0,0.0,0.0
2026-05-31 22:15:00,32.0,8.0,0.0,0.0
2026-05-31 22:30:00,40.0,8.0,0.0,0.0
2026-05-31 22:45:00,32.0,8.0,0.0,0.0
2026-05-31 23:00:00,16.0,8.0,0.0,0.0
2026-05-31 23:15:00,24.0,8.0,0.0,0.0
2026-05-31 23:30:00,16.0,8.0,0.0,0.0
2026-05-31 23:45:00,24.0,8.0,0.0,0.0
2026-06-01 00:00:00,24.0,0.0,0.0,0.0
2026-06-01 00:15:00,24.0,8.0,0.0,0.0
2026-06-01 00:30:00,24.0,0.0,0.0,0.0
2026-06-01 00:45:00,24.0,8.0,0.0,0.0
2026-06-01 01:00:00,16.0,0.0,0.0,0.0
2026-06-01 01:15:00,24.0,0.0,0.0,0.0
2026-06-01 01:30:00,24.0,8.0,0.0,0.0
2026-06-01 01:45:00,16.0,0.0,0.0,0.0
2026-06-01 02:00:00,24.0,8.0,0.0,0.0
2026-06-01 02:15:00,24.0,8.0,0.0,0.0
2026-06-01 02:30:00,16.0,8.0,0.0,0.0
2026-06-01 02:45:00,16.0,8.0,0.0,0.0
2026-06-01 03:00:00,16.0,8.0,0.0,0.0
2026-06-01 03:15:00,16.0,8.0,0.0,0.0
2026-06-01 03:30:00,16.0,0.0,0.0,0.0
2026-06-01 03:45:00,16.0,0.0,0.0,0.0
2026-06-01 04:00:00,24.0,0.0,0.0,0.0
2026-06-01 04:15:00,24.0,8.0,0.0,0.0
2026-06-01 04:30:00,16.0,8.0,0.0,0.0
2026-06-01 04:45:00,16.0,0.0,0.0,0.0
2026-06-01 05:00:00,16.0,0.0,0.0,0.0
2026-06-01 05:15:00,16.0,8.0,0.0,0.0
2026-06-01 05:30:00,16.0,0.0,0.0,0.0
2026-06-01 05:45:00,16.0,8.0,0.0,0.0
2026-06-01 06:00:00,16.0,8.0,0.0,0.0
2026-06-01 06:15:00,24.0,8.0,0.0,0.0
2026-06-01 06:30:00,16.0,8.0,0.0,0.0
2026-06-01 06:45:00,24.0,8.0,0.0,0.0
2026-06-01 07:00:00,16.0,0.0,0.0,0.0
2026-06-01 07:15:00,16.0,8.0,0.0,0.0
2026-06-01 07:30:00,24.0,0.0,0.0,0.0
2026-06-01 07:45:00,16.0,8.0,0.0,0.0
2026-06-01 08:00:00,16.0,8.0,0.0,0.0
2026-06-01 08:15:00,272.0,344.0,0.0,0.0
2026-06-01 08:30:00,272.0,336.0,0.0,0.0
2026-06-01 08:45:00,264.0,344.0,0.0,0.0
2026-06-01 09:00:00,280.0,336.0,0.0,0.0
2026-06-01 09:15:00,288.0,344.0,0.0,0.0
2026-06-01 09:30:00,296.0,336.0,0.0,0.0
2026-06-01 09:45:00,312.0,336.0,0.0,0.0
2026-06-01 10:00:00,304.0,336.0,0.0,0.0
2026-06-01 10:15:00,304.0,336.0,0.0,0.0
2026-06-01 10:30:00,312.0,344.0,0.0,0.0
2026-06-01 10:45:00,344.0,336.0,0.0,0.0
2026-06-01 11:00:00,368.0,336.0,0.0,0.0
2026-06-01 11:15:00,376.0,336.0,0.0,0.0
2026-06-01 11:30:00,352.0,336.0,0.0,0.0
2026-06-01 11:45:00,368.0,336.0,0.0,0.0
2026-06-01 12:00:00,368.0,336.0,0.0,0.0
2026-06-01 12:15:00,368.0,336.0,0.0,0.0
2026-06-01 12:30:00,376.0,336.0,0.0,0.0
2026-06-01 12:45:00,1056.0,336.0,0.0,0.0
2026-06-01 13:00:00,1032.0,336.0,0.0,0.0
2026-06-01 13:15:00,1032.0,368.0,0.0,0.0
2026-06-01 13:30:00,1048.0,368.0,0.0,0.0
2026-06-01 13:45:00,1056.0,376.0,0.0,0.0
2026-06-01 14:00:00,1064.0,376.0,0.0,0.0
2026-06-01 14:15:00,1072.0,376.0,0.0,0.0
2026-06-01 14:30:00,1064.0,384.0,0.0,0.0
2026-06-01 14:45:00,1064.0,376.0,0.0,0.0
2026-06-01 15:00:00,1072.0,376.0,0.0,0.0
2026-06-01 15:15:00,1088.0,376.0,0.0,0.0
2026-06-01 15:30:00,1096.0,376.0,0.0,0.0
2026-06-01 15:45:00,1064.0,376.0,0.0,0.0
2026-06-01 16:00:00,1064.0,376.0,0.0,0.0
2026-06-01 16:15:00,1072.0,368.0,0.0,0.0
2026-06-01 16:30:00,1056.0,376.0,0.0,0.0
2026-06-01 16:45:00,1064.0,376.0,0.0,0.0
2026-06-01 17:00:00,1056.0,368.0,0.0,0.0
2026-06-01 17:15:00,1056.0,368.0,0.0,0.0
2026-06-01 17:30:00,1032.0,368.0,0.0,0.0
2026-06-01 17:45:00,1072.0,368.0,0.0,0.0
2026-06-01 18:00:00,1096.0,376.0,0.0,0.0
2026-06-01 18:15:00,1088.0,368.0,0.0,0.0
2026-06-01 18:30:00,1080.0,376.0,0.0,0.0
2026-06-01 18:45:00,1088.0,368.0,0.0,0.0
2026-06-01 19:00:00,1080.0,376.0,0.0,0.0
2026-06-01 19:15:00,1096.0,368.0,0.0,0.0
2026-06-01 19:30:00,1072.0,376.0,0.0,0.0
2026-06-01 19:45:00,1080.0,368.0,0.0,0.0
2026-06-01 20:00:00,1088.0,368.0,0.0,0.0
2026-06-01 20:15:00,1072.0,376.0,0.0,0.0
2026-06-01 20:30:00,1072.0,368.0,0.0,0.0
2026-06-01 20:45:00,376.0,344.0,0.0,0.0
2026-06-01 21:00:00,360.0,336.0,0.0,0.0
2026-06-01 21:15:00,344.0,336.0,0.0,0.0
2026-06-01 21:30:00,128.0,8.0,0.0,0.0
2026-06-01 21:45:00,40.0,8.0,0.0,0.0
2026-06-01 22:00:00,40.0,8.0,0.0,0.0
2026-06-01 22:15:00,40.0,8.0,0.0,0.0
2026-06-01 22:30:00,24.0,8.0,0.0,0.0
2026-06-01 22:45:00,16.0,8.0,0.0,0.0
2026-06-01 23:00:00,24.0,0.0,0.0,0.0
2026-06-01 23:15:00,24.0,0.0,0.0,0.0
2026-06-01 23:30:00,24.0,0.0,0.0,0.0
2026-06-01 23:45:00,24.0,8.0,0.0,0.0
2026-06-02 00:00:00,16.0,0.0,0.0,0.0
2026-06-02 00:15:00,24.0,8.0,0.0,0.0
2026-06-02 00:30:00,16.0,0.0,0.0,0.0
2026-06-02 00:45:00,16.0,8.0,0.0,0.0
2026-06-02 01:00:00,24.0,8.0,0.0,0.0
2026-06-02 01:15:00,24.0,0.0,0.0,0.0
2026-06-02 01:30:00,16.0,0.0,0.0,0.0
2026-06-02 01:45:00,24.0,0.0,0.0,0.0
2026-06-02 02:00:00,24.0,8.0,0.0,0.0
2026-06-02 02:15:00,24.0,8.0,0.0,0.0
2026-06-02 02:30:00,16.0,0.0,0.0,0.0
2026-06-02 02:45:00,16.0,8.0,0.0,0.0
2026-06-02 03:00:00,24.0,0.0,0.0,0.0
2026-06-02 03:15:00,24.0,8.0,0.0,0.0
2026-06-02 03:30:00,16.0,0.0,0.0,0.0
2026-06-02 03:45:00,16.0,8.0,0.0,0.0
2026-06-02 04:00:00,24.0,8.0,0.0,0.0
2026-06-02 04:15:00,24.0,8.0,0.0,0.0
2026-06-02 04:30:00,16.0,8.0,0.0,0.0
2026-06-02 04:45:00,16.0,8.0,0.0,0.0
2026-06-02 05:00:00,16.0,0.0,0.0,0.0
2026-06-02 05:15:00,16.0,0.0,0.0,0.0
2026-06-02 05:30:00,16.0,0.0,0.0,0.0
2026-06-02 05:45:00,16.0,8.0,0.0,0.0
2026-06-02 06:00:00,16.0,8.0,0.0,0.0
2026-06-02 06:15:00,16.0,0.0,0.0,0.0
2026-06-02 06:30:00,16.0,8.0,0.0,0.0
2026-06-02 06:45:00,24.0,0.0,0.0,0.0
2026-06-02 07:00:00,16.0,8.0,0.0,0.0
2026-06-02 07:15:00,16.0,8.0,0.0,0.0
2026-06-02 07:30:00,16.0,0.0,0.0,0.0
2026-06-02 07:45:00,16.0,0.0,0.0,0.0
2026-06-02 08:00:00,24.0,8.0,0.0,0.0
2026-06-02 08:15:00,16.0,8.0,0.0,0.0
2026-06-02 08:30:00,8.0,8.0,0.0,0.0
2026-06-02 08:45:00,24.0,8.0,0.0,0.0
2026-06-02 09:00:00,40.0,8.0,0.0,0.0
2026-06-02 09:15:00,40.0,8.0,0.0,0.0
2026-06-02 09:30:00,64.0,8.0,0.0,0.0
2026-06-02 09:45:00,256.0,296.0,0.0,0.0
2026-06-02 10:00:00,304.0,336.0,0.0,0.0
2026-06-02 10:15:00,352.0,344.0,0.0,0.0
2026-06-02 10:30:00,360.0,344.0,0.0,0.0
2026-06-02 10:45:00,360.0,344.0,0.0,0.0
2026-06-02 11:00:00,416.0,344.0,0.0,0.0
2026-06-02 11:15:00,1064.0,440.0,0.0,0.0
2026-06-02 11:30:00,1072.0,440.0,0.0,0.0
2026-06-02 11:45:00,1072.0,440.0,0.0,0.0
2026-06-02 12:00:00,1072.0,440.0,0.0,0.0
2026-06-02 12:15:00,1072.0,448.0,0.0,0.0
2026-06-02 12:30:00,1064.0,440.0,0.0,0.0
2026-06-02 12:45:00,1080.0,440.0,0.0,0.0
2026-06-02 13:00:00,1072.0,440.0,0.0,0.0
2026-06-02 13:15:00,1080.0,440.0,0.0,0.0
2026-06-02 13:30:00,1072.0,440.0,0.0,0.0
2026-06-02 13:45:00,1080.0,440.0,0.0,0.0
2026-06-02 14:00:00,1064.0,440.0,0.0,0.0
2026-06-02 14:15:00,1064.0,440.0,0.0,0.0
2026-06-02 14:30:00,1072.0,440.0,0.0,0.0
2026-06-02 14:45:00,1064.0,440.0,0.0,0.0
2026-06-02 15:00:00,1072.0,440.0,0.0,0.0
2026-06-02 15:15:00,1056.0,440.0,0.0,0.0
2026-06-02 15:30:00,1056.0,440.0,0.0,0.0
2026-06-02 15:45:00,1056.0,440.0,0.0,0.0
2026-06-02 16:00:00,1056.0,440.0,0.0,0.0
2026-06-02 16:15:00,1048.0,440.0,0.0,0.0
2026-06-02 16:30:00,1048.0,440.0,0.0,0.0
2026-06-02 16:45:00,1064.0,440.0,0.0,0.0
2026-06-02 17:00:00,1072.0,440.0,0.0,0.0
2026-06-02 17:15:00,1064.0,440.0,0.0,0.0
2026-06-02 17:30:00,1032.0,440.0,0.0,0.0
2026-06-02 17:45:00,1048.0,440.0,0.0,0.0
2026-06-02 18:00:00,1032.0,440.0,0.0,0.0
2026-06-02 18:15:00,968.0,440.0,0.0,0.0
2026-06-02 18:30:00,360.0,344.0,0.0,0.0
2026-06-02 18:45:00,352.0,344.0,0.0,0.0
2026-06-02 19:00:00,360.0,344.0,0.0,0.0
2026-06-02 19:15:00,352.0,344.0,0.0,0.0
2026-06-02 19:30:00,360.0,344.0,0.0,0.0
2026-06-02 19:45:00,360.0,344.0,0.0,0.0
2026-06-02 20:00:00,360.0,344.0,0.0,0.0
2026-06-02 20:15:00,360.0,344.0,0.0,0.0
2026-06-02 20:30:00,152.0,8.0,0.0,0.0
2026-06-02 20:45:00,152.0,8.0,0.0,0.0
2026-06-02 21:00:00,136.0,8.0,0.0,0.0
2026-06-02 21:15:00,56.0,8.0,0.0,0.0
2026-06-02 21:30:00,40.0,8.0,0.0,0.0
2026-06-02 21:45:00,48.0,8.0,0.0,0.0
2026-06-02 22:00:00,24.0,8.0,0.0,0.0
2026-06-02 22:15:00,16.0,8.0,0.0,0.0
2026-06-02 22:30:00,24.0,8.0,0.0,0.0
2026-06-02 22:45:00,24.0,8.0,0.0,0.0
2026-06-02 23:00:00,24.0,8.0,0.0,0.0
2026-06-02 23:15:00,24.0,8.0,0.0,0.0
2026-06-02 23:30:00,16.0,8.0,0.0,0.0
2026-06-02 23:45:00,24.0,8.0,0.0,0.0
2026-06-03 00:00:00,24.0,8.0,0.0,0.0
2026-06-03 00:15:00,24.0,8.0,0.0,0.0
2026-06-03 00:30:00,24.0,8.0,0.0,0.0
2026-06-03 00:45:00,24.0,8.0,0.0,0.0
2026-06-03 01:00:00,24.0,0.0,0.0,0.0
2026-06-03 01:15:00,24.0,8.0,0.0,0.0
2026-06-03 01:30:00,16.0,8.0,0.0,0.0
2026-06-03 01:45:00,16.0,0.0,0.0,0.0
2026-06-03 02:00:00,24.0,8.0,0.0,0.0
2026-06-03 02:15:00,16.0,8.0,0.0,0.0
2026-06-03 02:30:00,24.0,8.0,0.0,0.0
2026-06-03 02:45:00,24.0,0.0,0.0,0.0
2026-06-03 03:00:00,16.0,8.0,0.0,0.0
2026-06-03 03:15:00,16.0,8.0,0.0,0.0
2026-06-03 03:30:00,24.0,8.0,0.0,0.0
2026-06-03 03:45:00,24.0,8.0,0.0,0.0
2026-06-03 04:00:00,16.0,0.0,0.0,0.0
2026-06-03 04:15:00,16.0,8.0,0.0,0.0
2026-06-03 04:30:00,16.0,8.0,0.0,0.0
2026-06-03 04:45:00,24.0,8.0,0.0,0.0
2026-06-03 05:00:00,16.0,8.0,0.0,0.0
2026-06-03 05:15:00,16.0,8.0,0.0,0.0
2026-06-03 05:30:00,24.0,8.0,0.0,0.0
2026-06-03 05:45:00,24.0,8.0,0.0,0.0
2026-06-03 06:00:00,24.0,8.0,0.0,0.0
2026-06-03 06:15:00,24.0,8.0,0.0,0.0
2026-06-03 06:30:00,16.0,0.0,0.0,0.0
2026-06-03 06:45:00,16.0,0.0,0.0,0.0
2026-06-03 07:00:00,16.0,8.0,0.0,0.0
2026-06-03 07:15:00,16.0,8.0,0.0,0.0
2026-06-03 07:30:00,24.0,8.0,0.0,0.0
2026-06-03 07:45:00,16.0,8.0,0.0,0.0
2026-06-03 08:00:00,16.0,8.0,0.0,0.0
2026-06-03 08:15:00,24.0,8.0,0.0,0.0
2026-06-03 08:30:00,24.0,16.0,0.0,0.0
2026-06-03 08:45:00,16.0,16.0,0.0,0.0
2026-06-03 09:00:00,40.0,16.0,0.0,0.0
2026-06-03 09:15:00,280.0,344.0,0.0,0.0
2026-06-03 09:30:00,296.0,368.0,0.0,0.0
2026-06-03 09:45:00,352.0,368.0,0.0,0.0
2026-06-03 10:00:00,352.0,368.0,0.0,0.0
2026-06-03 10:15:00,352.0,368.0,0.0,0.0
2026-06-03 10:30:00,352.0,368.0,0.0,0.0
2026-06-03 10:45:00,1056.0,456.0,0.0,0.0
2026-06-03 11:00:00,1064.0,456.0,0.0,0.0
2026-06-03 11:15:00,1064.0,464.0,0.0,0.0
2026-06-03 11:30:00,1080.0,464.0,0.0,0.0
2026-06-03 11:45:00,1072.0,456.0,0.0,0.0
2026-06-03 12:00:00,1072.0,456.0,0.0,0.0
2026-06-03 12:15:00,1072.0,456.0,0.0,0.0
2026-06-03 12:30:00,1088.0,456.0,0.0,0.0
2026-06-03 12:45:00,1080.0,456.0,0.0,0.0
2026-06-03 13:00:00,1080.0,464.0,0.0,0.0
2026-06-03 13:15:00,1072.0,464.0,0.0,0.0
2026-06-03 13:30:00,1096.0,456.0,0.0,0.0
2026-06-03 13:45:00,1088.0,464.0,0.0,0.0
2026-06-03 14:00:00,1088.0,464.0,0.0,0.0
2026-06-03 14:15:00,1080.0,456.0,0.0,0.0
2026-06-03 14:30:00,1096.0,464.0,0.0,0.0
2026-06-03 14:45:00,1096.0,456.0,0.0,0.0
2026-06-03 15:00:00,1088.0,456.0,0.0,0.0
2026-06-03 15:15:00,1088.0,456.0,0.0,0.0
2026-06-03 15:30:00,1088.0,456.0,0.0,0.0
2026-06-03 15:45:00,1080.0,456.0,0.0,0.0
2026-06-03 16:00:00,1080.0,456.0,0.0,0.0
2026-06-03 16:15:00,1072.0,456.0,0.0,0.0
2026-06-03 16:30:00,1080.0,456.0,0.0,0.0
2026-06-03 16:45:00,1088.0,456.0,0.0,0.0
2026-06-03 17:00:00,1072.0,456.0,0.0,0.0
2026-06-03 17:15:00,1080.0,464.0,0.0,0.0
2026-06-03 17:30:00,1096.0,464.0,0.0,0.0
2026-06-03 17:45:00,1096.0,464.0,0.0,0.0
2026-06-03 18:00:00,1104.0,464.0,0.0,0.0
2026-06-03 18:15:00,1088.0,456.0,0.0,0.0
2026-06-03 18:30:00,1072.0,456.0,0.0,0.0
2026-06-03 18:45:00,1088.0,464.0,0.0,0.0
2026-06-03 19:00:00,488.0,432.0,0.0,0.0
2026-06-03 19:15:00,384.0,352.0,0.0,0.0
2026-06-03 19:30:00,376.0,352.0,0.0,0.0
2026-06-03 19:45:00,368.0,352.0,0.0,0.0
2026-06-03 20:00:00,392.0,352.0,0.0,0.0
2026-06-03 20:15:00,360.0,352.0,0.0,0.0
2026-06-03 20:30:00,368.0,352.0,0.0,0.0
2026-06-03 20:45:00,368.0,352.0,0.0,0.0
2026-06-03 21:00:00,352.0,352.0,0.0,0.0
2026-06-03 21:15:00,104.0,16.0,0.0,0.0
2026-06-03 21:30:00,88.0,16.0,0.0,0.0
2026-06-03 21:45:00,80.0,16.0,0.0,0.0
2026-06-03 22:00:00,72.0,8.0,0.0,0.0
2026-06-03 22:15:00,32.0,8.0,0.0,0.0
2026-06-03 22:30:00,24.0,8.0,0.0,0.0
2026-06-03 22:45:00,16.0,0.0,0.0,0.0
2026-06-03 23:00:00,16.0,0.0,0.0,0.0
2026-06-03 23:15:00,16.0,0.0,0.0,0.0
2026-06-03 23:30:00,24.0,0.0,0.0,0.0
2026-06-03 23:45:00,24.0,8.0,0.0,0.0
2026-06-04 00:00:00,0.0,0.0,16.0,0.0
2026-06-04 00:15:00,0.0,0.0,24.0,0.0
2026-06-04 00:30:00,0.0,8.0,24.0,0.0
2026-06-04 00:45:00,0.0,0.0,16.0,0.0
2026-06-04 01:00:00,0.0,8.0,24.0,0.0
2026-06-04 01:15:00,0.0,0.0,16.0,0.0
2026-06-04 01:30:00,0.0,8.0,16.0,0.0
2026-06-04 01:45:00,0.0,8.0,24.0,0.0
2026-06-04 02:00:00,0.0,8.0,16.0,0.0
2026-06-04 02:15:00,0.0,8.0,24.0,0.0
2026-06-04 02:30:00,0.0,0.0,24.0,0.0
2026-06-04 02:45:00,0.0,0.0,16.0,0.0
2026-06-04 03:00:00,0.0,8.0,24.0,0.0
2026-06-04 03:15:00,0.0,8.0,24.0,0.0
2026-06-04 03:30:00,0.0,8.0,16.0,0.0
2026-06-04 03:45:00,0.0,0.0,16.0,0.0
2026-06-04 04:00:00,0.0,8.0,16.0,0.0
2026-06-04 04:15:00,0.0,8.0,24.0,0.0
2026-06-04 04:30:00,0.0,8.0,16.0,0.0
2026-06-04 04:45:00,0.0,8.0,16.0,0.0
2026-06-04 05:00:00,0.0,0.0,24.0,0.0
2026-06-04 05:15:00,0.0,0.0,16.0,0.0
2026-06-04 05:30:00,0.0,8.0,16.0,0.0
2026-06-04 05:45:00,0.0,0.0,16.0,0.0
2026-06-04 06:00:00,0.0,0.0,16.0,0.0
2026-06-04 06:15:00,0.0,8.0,16.0,0.0
2026-06-04 06:30:00,0.0,8.0,24.0,0.0
2026-06-04 06:45:00,0.0,8.0,24.0,0.0
2026-06-04 07:00:00,0.0,8.0,16.0,0.0
2026-06-04 07:15:00,0.0,8.0,16.0,0.0
2026-06-04 07:30:00,0.0,8.0,24.0,0.0
2026-06-04 07:45:00,0.0,8.0,24.0,0.0
2026-06-04 08:00:00,0.0,8.0,16.0,0.0
2026-06-04 08:15:00,0.0,8.0,24.0,0.0
2026-06-04 08:30:00,0.0,8.0,16.0,0.0
2026-06-04 08:45:00,0.0,8.0,24.0,0.0
2026-06-04 09:00:00,0.0,16.0,48.0,0.0
2026-06-04 09:15:00,0.0,328.0,680.0,0.0
2026-06-04 09:30:00,0.0,464.0,992.0,0.0
2026-06-04 09:45:00,0.0,464.0,1000.0,0.0
2026-06-04 10:00:00,0.0,464.0,1048.0,0.0
2026-06-04 10:15:00,0.0,464.0,1048.0,0.0
2026-06-04 10:30:00,0.0,464.0,1040.0,0.0
2026-06-04 10:45:00,0.0,464.0,1032.0,0.0
2026-06-04 11:00:00,0.0,464.0,1040.0,0.0
2026-06-04 11:15:00,0.0,464.0,1032.0,0.0
2026-06-04 11:30:00,0.0,464.0,1048.0,0.0
2026-06-04 11:45:00,0.0,464.0,1032.0,0.0
2026-06-04 12:00:00,0.0,464.0,1032.0,0.0
2026-06-04 12:15:00,0.0,464.0,1048.0,0.0
2026-06-04 12:30:00,0.0,472.0,1040.0,0.0
2026-06-04 12:45:00,0.0,464.0,1048.0,0.0
2026-06-04 13:00:00,0.0,464.0,1056.0,0.0
2026-06-04 13:15:00,0.0,464.0,1064.0,0.0
2026-06-04 13:30:00,0.0,464.0,1040.0,0.0
2026-06-04 13:45:00,0.0,464.0,1032.0,0.0
2026-06-04 14:00:00,0.0,464.0,1040.0,0.0
2026-06-04 14:15:00,0.0,464.0,1056.0,0.0
2026-06-04 14:30:00,0.0,464.0,1048.0,0.0
2026-06-04 14:45:00,0.0,464.0,1056.0,0.0
2026-06-04 15:00:00,0.0,464.0,1048.0,0.0
2026-06-04 15:15:00,0.0,464.0,1056.0,0.0
2026-06-04 15:30:00,0.0,456.0,1040.0,0.0
2026-06-04 15:45:00,0.0,464.0,1032.0,0.0
2026-06-04 16:00:00,0.0,464.0,1048.0,0.0
2026-06-04 16:15:00,0.0,464.0,1056.0,0.0
2026-06-04 16:30:00,0.0,464.0,1040.0,0.0
2026-06-04 16:45:00,0.0,464.0,1032.0,0.0
2026-06-04 17:00:00,0.0,464.0,1040.0,0.0
2026-06-04 17:15:00,0.0,464.0,1056.0,0.0
2026-06-04 17:30:00,0.0,464.0,1056.0,0.0
2026-06-04 17:45:00,0.0,464.0,1048.0,0.0
2026-06-04 18:00:00,0.0,464.0,1056.0,0.0
2026-06-04 18:15:00,0.0,464.0,1056.0,0.0
2026-06-04 18:30:00,0.0,464.0,1048.0,0.0
2026-06-04 18:45:00,0.0,464.0,1040.0,0.0
2026-06-04 19:00:00,0.0,464.0,1056.0,0.0
2026-06-04 19:15:00,0.0,456.0,1048.0,0.0
2026-06-04 19:30:00,0.0,456.0,1048.0,0.0
2026-06-04 19:45:00,0.0,456.0,1040.0,0.0
2026-06-04 20:00:00,0.0,456.0,1040.0,0.0
2026-06-04 20:15:00,0.0,456.0,1048.0,0.0
2026-06-04 20:30:00,0.0,456.0,1032.0,0.0
2026-06-04 20:45:00,0.0,456.0,1032.0,0.0
2026-06-04 21:00:00,0.0,392.0,408.0,0.0
2026-06-04 21:15:00,0.0,392.0,400.0,0.0
2026-06-04 21:30:00,0.0,392.0,368.0,0.0
2026-06-04 21:45:00,0.0,208.0,384.0,0.0
2026-06-04 22:00:00,0.0,8.0,80.0,0.0
2026-06-04 22:15:00,0.0,8.0,64.0,0.0
2026-06-04 22:30:00,0.0,8.0,24.0,0.0
2026-06-04 22:45:00,0.0,8.0,24.0,0.0
2026-06-04 23:00:00,0.0,0.0,24.0,0.0
2026-06-04 23:15:00,0.0,8.0,24.0,0.0
2026-06-04 23:30:00,0.0,8.0,16.0,0.0
2026-06-04 23:45:00,0.0,8.0,16.0,0.0
2026-06-05 00:00:00,0.0,0.0,8.0,24.0
2026-06-05 00:15:00,0.0,0.0,0.0,24.0
2026-06-05 00:30:00,0.0,0.0,0.0,24.0
2026-06-05 00:45:00,0.0,0.0,8.0,16.0
2026-06-05 01:00:00,0.0,0.0,8.0,24.0
2026-06-05 01:15:00,0.0,0.0,0.0,24.0
2026-06-05 01:30:00,0.0,0.0,8.0,16.0
2026-06-05 01:45:00,0.0,0.0,8.0,16.0
2026-06-05 02:00:00,0.0,0.0,8.0,24.0
2026-06-05 02:15:00,0.0,0.0,0.0,16.0
2026-06-05 02:30:00,0.0,0.0,8.0,24.0
2026-06-05 02:45:00,0.0,0.0,8.0,24.0
2026-06-05 03:00:00,0.0,0.0,8.0,16.0
2026-06-05 03:15:00,0.0,0.0,0.0,16.0
2026-06-05 03:30:00,0.0,0.0,0.0,16.0
2026-06-05 03:45:00,0.0,0.0,8.0,24.0
2026-06-05 04:00:00,0.0,0.0,0.0,24.0
2026-06-05 04:15:00,0.0,0.0,8.0,24.0
2026-06-05 04:30:00,0.0,0.0,0.0,16.0
2026-06-05 04:45:00,0.0,0.0,0.0,24.0
2026-06-05 05:00:00,0.0,0.0,8.0,24.0
2026-06-05 05:15:00,0.0,0.0,0.0,24.0
2026-06-05 05:30:00,0.0,0.0,8.0,16.0
2026-06-05 05:45:00,0.0,0.0,8.0,16.0
2026-06-05 06:00:00,0.0,0.0,0.0,24.0
2026-06-05 06:15:00,0.0,0.0,8.0,24.0
2026-06-05 06:30:00,0.0,0.0,0.0,16.0
2026-06-05 06:45:00,0.0,0.0,0.0,24.0
2026-06-05 07:00:00,0.0,0.0,8.0,16.0
2026-06-05 07:15:00,0.0,0.0,8.0,24.0
2026-06-05 07:30:00,0.0,0.0,8.0,24.0
2026-06-05 07:45:00,0.0,0.0,8.0,16.0
2026-06-05 08:00:00,0.0,0.0,8.0,16.0
2026-06-05 08:15:00,0.0,0.0,8.0,24.0
2026-06-05 08:30:00,0.0,0.0,8.0,16.0
2026-06-05 08:45:00,0.0,0.0,8.0,24.0
2026-06-05 09:00:00,0.0,0.0,184.0,224.0
2026-06-05 09:15:00,0.0,0.0,320.0,904.0
2026-06-05 09:30:00,0.0,0.0,464.0,1016.0
2026-06-05 09:45:00,0.0,0.0,464.0,1064.0
2026-06-05 10:00:00,0.0,0.0,464.0,1048.0
2026-06-05 10:15:00,0.0,0.0,464.0,1048.0
2026-06-05 10:30:00,0.0,0.0,464.0,1056.0
2026-06-05 10:45:00,0.0,0.0,464.0,1064.0
2026-06-05 11:00:00,0.0,0.0,464.0,1048.0
2026-06-05 11:15:00,0.0,0.0,464.0,1056.0
2026-06-05 11:30:00,0.0,0.0,456.0,1056.0
2026-06-05 11:45:00,0.0,0.0,464.0,1056.0
2026-06-05 12:00:00,0.0,0.0,464.0,1072.0
2026-06-05 12:15:00,0.0,0.0,464.0,1072.0
2026-06-05 12:30:00,0.0,0.0,464.0,1056.0
2026-06-05 12:45:00,0.0,0.0,464.0,1064.0
2026-06-05 13:00:00,0.0,0.0,464.0,1064.0
2026-06-05 13:15:00,0.0,0.0,464.0,1056.0
2026-06-05 13:30:00,0.0,0.0,464.0,1064.0
2026-06-05 13:45:00,0.0,0.0,464.0,1056.0
2026-06-05 14:00:00,0.0,0.0,464.0,1072.0
2026-06-05 14:15:00,0.0,0.0,464.0,1072.0
2026-06-05 14:30:00,0.0,0.0,464.0,1080.0
2026-06-05 14:45:00,0.0,0.0,464.0,1072.0
2026-06-05 15:00:00,0.0,0.0,456.0,1080.0
2026-06-05 15:15:00,0.0,0.0,456.0,1072.0
2026-06-05 15:30:00,0.0,0.0,464.0,1072.0
2026-06-05 15:45:00,0.0,0.0,464.0,1064.0
2026-06-05 16:00:00,0.0,0.0,464.0,1056.0
2026-06-05 16:15:00,0.0,0.0,464.0,1064.0
2026-06-05 16:30:00,0.0,0.0,456.0,1056.0
2026-06-05 16:45:00,0.0,0.0,456.0,1064.0
2026-06-05 17:00:00,0.0,0.0,464.0,1064.0
2026-06-05 17:15:00,0.0,0.0,464.0,1056.0
2026-06-05 17:30:00,0.0,0.0,464.0,1064.0
2026-06-05 17:45:00,0.0,0.0,456.0,1056.0
2026-06-05 18:00:00,0.0,0.0,464.0,1080.0
2026-06-05 18:15:00,0.0,0.0,456.0,1064.0
2026-06-05 18:30:00,0.0,0.0,464.0,1072.0
2026-06-05 18:45:00,0.0,0.0,456.0,1056.0
2026-06-05 19:00:00,0.0,0.0,456.0,1080.0
2026-06-05 19:15:00,0.0,0.0,464.0,1080.0
2026-06-05 19:30:00,0.0,0.0,464.0,1072.0
2026-06-05 19:45:00,0.0,0.0,456.0,1064.0
2026-06-05 20:00:00,0.0,0.0,456.0,1072.0
2026-06-05 20:15:00,0.0,0.0,464.0,1072.0
2026-06-05 20:30:00,0.0,0.0,464.0,1064.0
2026-06-05 20:45:00,0.0,0.0,464.0,1064.0
2026-06-05 21:00:00,0.0,0.0,464.0,872.0
2026-06-05 21:15:00,0.0,0.0,8.0,152.0
2026-06-05 21:30:00,0.0,0.0,8.0,120.0
2026-06-05 21:45:00,0.0,0.0,8.0,112.0
2026-06-05 22:00:00,0.0,0.0,8.0,112.0
2026-06-05 22:15:00,0.0,0.0,8.0,104.0
2026-06-05 22:30:00,0.0,0.0,8.0,16.0
2026-06-05 22:45:00,0.0,0.0,0.0,24.0
2026-06-05 23:00:00,0.0,0.0,8.0,32.0
2026-06-05 23:15:00,0.0,0.0,8.0,16.0
2026-06-05 23:30:00,0.0,0.0,8.0,16.0
2026-06-05 23:45:00,0.0,0.0,8.0,24.0
2026-06-06 00:00:00,0.0,0.0,8.0,24.0
2026-06-06 00:15:00,0.0,0.0,8.0,24.0
2026-06-06 00:30:00,0.0,0.0,0.0,24.0
2026-06-06 00:45:00,0.0,0.0,0.0,16.0
2026-06-06 01:00:00,0.0,0.0,8.0,24.0
2026-06-06 01:15:00,0.0,0.0,8.0,24.0
2026-06-06 01:30:00,0.0,0.0,8.0,24.0
2026-06-06 01:45:00,0.0,0.0,0.0,16.0
2026-06-06 02:00:00,0.0,0.0,8.0,24.0
2026-06-06 02:15:00,0.0,0.0,0.0,24.0
2026-06-06 02:30:00,0.0,0.0,0.0,24.0
2026-06-06 02:45:00,0.0,0.0,8.0,16.0
2026-06-06 03:00:00,0.0,0.0,0.0,24.0
2026-06-06 03:15:00,0.0,0.0,8.0,16.0
2026-06-06 03:30:00,0.0,0.0,0.0,24.0
2026-06-06 03:45:00,0.0,0.0,0.0,24.0
2026-06-06 04:00:00,0.0,0.0,0.0,16.0
2026-06-06 04:15:00,0.0,0.0,8.0,16.0
2026-06-06 04:30:00,0.0,0.0,8.0,16.0
2026-06-06 04:45:00,0.0,0.0,0.0,24.0
2026-06-06 05:00:00,0.0,0.0,0.0,24.0
2026-06-06 05:15:00,0.0,0.0,0.0,16.0
2026-06-06 05:30:00,0.0,0.0,8.0,16.0
2026-06-06 05:45:00,0.0,0.0,8.0,24.0
2026-06-06 06:00:00,0.0,0.0,8.0,24.0
2026-06-06 06:15:00,0.0,0.0,8.0,16.0
2026-06-06 06:30:00,0.0,0.0,8.0,16.0
2026-06-06 06:45:00,0.0,0.0,8.0,24.0
2026-06-06 07:00:00,0.0,0.0,8.0,24.0
2026-06-06 07:15:00,0.0,0.0,0.0,8.0
2026-06-06 07:30:00,0.0,0.0,8.0,16.0
2026-06-06 07:45:00,0.0,0.0,8.0,24.0
2026-06-06 08:00:00,0.0,0.0,8.0,40.0
2026-06-06 08:15:00,0.0,0.0,8.0,40.0
2026-06-06 08:30:00,0.0,0.0,8.0,56.0
2026-06-06 08:45:00,0.0,0.0,336.0,288.0
2026-06-06 09:00:00,0.0,0.0,368.0,920.0
2026-06-06 09:15:00,0.0,0.0,432.0,984.0
2026-06-06 09:30:00,0.0,0.0,432.0,992.0
2026-06-06 09:45:00,0.0,0.0,432.0,1000.0
2026-06-06 10:00:00,0.0,0.0,432.0,984.0
2026-06-06 10:15:00,0.0,0.0,432.0,1032.0
2026-06-06 10:30:00,0.0,0.0,432.0,1048.0
2026-06-06 10:45:00,0.0,0.0,432.0,1040.0
2026-06-06 11:00:00,0.0,0.0,432.0,1040.0
2026-06-06 11:15:00,0.0,0.0,432.0,1048.0
2026-06-06 11:30:00,0.0,0.0,432.0,1072.0
2026-06-06 11:45:00,0.0,0.0,432.0,1088.0
2026-06-06 12:00:00,0.0,0.0,584.0,456.0
2026-06-06 12:15:00,0.0,0.0,640.0,512.0
2026-06-06 12:30:00,0.0,0.0,640.0,512.0
2026-06-06 12:45:00,0.0,0.0,640.0,528.0
2026-06-06 13:00:00,0.0,0.0,648.0,528.0
2026-06-06 13:15:00,0.0,0.0,648.0,536.0
2026-06-06 13:30:00,0.0,0.0,640.0,520.0
2026-06-06 13:45:00,0.0,0.0,640.0,576.0
2026-06-06 14:00:00,0.0,0.0,648.0,560.0
2026-06-06 14:15:00,0.0,0.0,640.0,576.0
2026-06-06 14:30:00,0.0,0.0,648.0,560.0
2026-06-06 14:45:00,0.0,0.0,648.0,560.0
2026-06-06 15:00:00,0.0,0.0,648.0,552.0
2026-06-06 15:15:00,0.0,0.0,640.0,544.0
2026-06-06 15:30:00,0.0,0.0,648.0,568.0
2026-06-06 15:45:00,0.0,0.0,640.0,552.0
2026-06-06 16:00:00,0.0,0.0,640.0,544.0
2026-06-06 16:15:00,0.0,0.0,640.0,544.0
2026-06-06 16:30:00,0.0,0.0,640.0,536.0
2026-06-06 16:45:00,0.0,0.0,640.0,560.0
2026-06-06 17:00:00,0.0,0.0,640.0,480.0
2026-06-06 17:15:00,0.0,0.0,640.0,544.0
2026-06-06 17:30:00,0.0,0.0,640.0,560.0
2026-06-06 17:45:00,0.0,0.0,640.0,568.0
2026-06-06 18:00:00,0.0,0.0,640.0,560.0
2026-06-06 18:15:00,0.0,0.0,640.0,544.0
2026-06-06 18:30:00,0.0,0.0,648.0,568.0
2026-06-06 18:45:00,0.0,0.0,640.0,568.0
2026-06-06 19:00:00,0.0,0.0,648.0,560.0
2026-06-06 19:15:00,0.0,0.0,640.0,568.0
2026-06-06 19:30:00,0.0,0.0,648.0,552.0
2026-06-06 19:45:00,0.0,0.0,640.0,576.0
2026-06-06 20:00:00,0.0,0.0,640.0,568.0
2026-06-06 20:15:00,0.0,0.0,640.0,560.0
2026-06-06 20:30:00,0.0,0.0,640.0,552.0
2026-06-06 20:45:00,0.0,0.0,640.0,568.0
2026-06-06 21:00:00,0.0,0.0,640.0,536.0
2026-06-06 21:15:00,0.0,0.0,648.0,528.0
2026-06-06 21:30:00,0.0,0.0,8.0,40.0
2026-06-06 21:45:00,0.0,0.0,8.0,48.0
2026-06-06 22:00:00,0.0,0.0,8.0,40.0
2026-06-06 22:15:00,0.0,0.0,8.0,32.0
2026-06-06 22:30:00,0.0,0.0,8.0,24.0
2026-06-06 22:45:00,0.0,0.0,0.0,32.0
2026-06-06 23:00:00,0.0,0.0,8.0,24.0
2026-06-06 23:15:00,0.0,0.0,8.0,24.0
2026-06-06 23:30:00,0.0,0.0,0.0,24.0
2026-06-06 23:45:00,0.0,0.0,8.0,24.0
2026-06-07 00:00:00,0.0,0.0,8.0,24.0
2026-06-07 00:15:00,0.0,0.0,0.0,24.0
2026-06-07 00:30:00,0.0,0.0,8.0,24.0
2026-06-07 00:45:00,0.0,0.0,0.0,24.0
2026-06-07 01:00:00,0.0,0.0,8.0,24.0
2026-06-07 01:15:00,0.0,0.0,0.0,16.0
2026-06-07 01:30:00,0.0,0.0,8.0,24.0
2026-06-07 01:45:00,0.0,0.0,0.0,24.0
2026-06-07 02:00:00,0.0,0.0,8.0,24.0
2026-06-07 02:15:00,0.0,0.0,8.0,24.0
2026-06-07 02:30:00,0.0,0.0,8.0,16.0
2026-06-07 02:45:00,0.0,0.0,8.0,24.0
2026-06-07 03:00:00,0.0,0.0,0.0,24.0
2026-06-07 03:15:00,0.0,0.0,0.0,24.0
2026-06-07 03:30:00,0.0,0.0,8.0,24.0
2026-06-07 03:45:00,0.0,0.0,8.0,16.0
2026-06-07 04:00:00,0.0,0.0,0.0,16.0
2026-06-07 04:15:00,0.0,0.0,8.0,24.0
2026-06-07 04:30:00,0.0,0.0,0.0,24.0
2026-06-07 04:45:00,0.0,0.0,8.0,24.0
2026-06-07 05:00:00,0.0,0.0,8.0,24.0
2026-06-07 05:15:00,0.0,0.0,0.0,16.0
2026-06-07 05:30:00,0.0,0.0,8.0,24.0
2026-06-07 05:45:00,0.0,0.0,0.0,24.0
2026-06-07 06:00:00,0.0,0.0,8.0,16.0
2026-06-07 06:15:00,0.0,0.0,8.0,24.0
2026-06-07 06:30:00,0.0,0.0,0.0,16.0
2026-06-07 06:45:00,0.0,0.0,8.0,16.0
2026-06-07 07:00:00,0.0,0.0,0.0,24.0
2026-06-07 07:15:00,0.0,0.0,8.0,16.0
2026-06-07 07:30:00,0.0,0.0,0.0,24.0
2026-06-07 07:45:00,0.0,0.0,8.0,24.0
2026-06-07 08:00:00,0.0,0.0,8.0,40.0
2026-06-07 08:15:00,0.0,0.0,8.0,40.0
2026-06-07 08:30:00,0.0,0.0,8.0,48.0
2026-06-07 08:45:00,0.0,0.0,288.0,184.0
2026-06-07 09:00:00,0.0,0.0,344.0,240.0
2026-06-07 09:15:00,0.0,0.0,344.0,336.0
2026-06-07 09:30:00,0.0,0.0,344.0,304.0
2026-06-07 09:45:00,0.0,0.0,344.0,336.0
2026-06-07 10:00:00,0.0,0.0,336.0,336.0
2026-06-07 10:15:00,0.0,0.0,344.0,320.0
2026-06-07 10:30:00,0.0,0.0,344.0,336.0
2026-06-07 10:45:00,0.0,0.0,336.0,328.0
2026-06-07 11:00:00,0.0,0.0,344.0,368.0
2026-06-07 11:15:00,0.0,0.0,336.0,280.0
2026-06-07 11:30:00,0.0,0.0,336.0,360.0
2026-06-07 11:45:00,0.0,0.0,336.0,376.0
2026-06-07 12:00:00,0.0,0.0,336.0,384.0
2026-06-07 12:15:00,0.0,0.0,336.0,304.0
2026-06-07 12:30:00,0.0,0.0,328.0,320.0
2026-06-07 12:45:00,0.0,0.0,328.0,304.0
2026-06-07 13:00:00,0.0,0.0,336.0,288.0
2026-06-07 13:15:00,0.0,0.0,328.0,312.0
2026-06-07 13:30:00,0.0,0.0,336.0,304.0
2026-06-07 13:45:00,0.0,0.0,336.0,304.0
2026-06-07 14:00:00,0.0,0.0,336.0,296.0
2026-06-07 14:15:00,0.0,0.0,328.0,304.0
2026-06-07 14:30:00,0.0,0.0,328.0,296.0
2026-06-07 14:45:00,0.0,0.0,336.0,296.0
2026-06-07 15:00:00,0.0,0.0,336.0,288.0
2026-06-07 15:15:00,0.0,0.0,328.0,288.0
2026-06-07 15:30:00,0.0,0.0,336.0,296.0
2026-06-07 15:45:00,0.0,0.0,336.0,296.0
2026-06-07 16:00:00,0.0,0.0,336.0,288.0
2026-06-07 16:15:00,0.0,0.0,336.0,288.0
2026-06-07 16:30:00,0.0,0.0,336.0,280.0
2026-06-07 16:45:00,0.0,0.0,336.0,280.0
2026-06-07 17:00:00,0.0,0.0,336.0,288.0
2026-06-07 17:15:00,0.0,0.0,336.0,304.0
2026-06-07 17:30:00,0.0,0.0,336.0,312.0
2026-06-07 17:45:00,0.0,0.0,328.0,328.0
2026-06-07 18:00:00,0.0,0.0,336.0,312.0
2026-06-07 18:15:00,0.0,0.0,336.0,288.0
2026-06-07 18:30:00,0.0,0.0,336.0,312.0
2026-06-07 18:45:00,0.0,0.0,336.0,304.0
2026-06-07 19:00:00,0.0,0.0,336.0,296.0
2026-06-07 19:15:00,0.0,0.0,336.0,296.0
2026-06-07 19:30:00,0.0,0.0,328.0,296.0
2026-06-07 19:45:00,0.0,0.0,336.0,304.0
2026-06-07 20:00:00,0.0,0.0,336.0,304.0
2026-06-07 20:15:00,0.0,0.0,336.0,296.0
2026-06-07 20:30:00,0.0,0.0,336.0,296.0
2026-06-07 20:45:00,0.0,0.0,336.0,296.0
2026-06-07 21:00:00,0.0,0.0,328.0,288.0
2026-06-07 21:15:00,0.0,0.0,8.0,112.0
2026-06-07 21:30:00,0.0,0.0,8.0,48.0
2026-06-07 21:45:00,0.0,0.0,8.0,40.0
2026-06-07 22:00:00,0.0,0.0,8.0,24.0
2026-06-07 22:15:00,0.0,0.0,8.0,16.0
2026-06-07 22:30:00,0.0,0.0,0.0,24.0
2026-06-07 22:45:00,0.0,0.0,8.0,24.0
2026-06-07 23:00:00,0.0,0.0,8.0,16.0
2026-06-07 23:15:00,0.0,0.0,0.0,16.0
2026-06-07 23:30:00,0.0,0.0,8.0,24.0
2026-06-07 23:45:00,0.0,0.0,8.0,16.0
2026-06-08 00:00:00,0.0,0.0,16.0,0.0
2026-06-08 00:15:00,0.0,8.0,16.0,0.0
2026-06-08 00:30:00,0.0,8.0,24.0,0.0
2026-06-08 00:45:00,0.0,0.0,24.0,0.0
2026-06-08 01:00:00,0.0,0.0,8.0,0.0
2026-06-08 01:15:00,0.0,8.0,16.0,0.0
2026-06-08 01:30:00,0.0,8.0,24.0,0.0
2026-06-08 01:45:00,0.0,0.0,24.0,0.0
2026-06-08 02:00:00,0.0,0.0,16.0,0.0
2026-06-08 02:15:00,0.0,8.0,16.0,0.0
2026-06-08 02:30:00,0.0,8.0,16.0,0.0
2026-06-08 02:45:00,0.0,0.0,24.0,0.0
2026-06-08 03:00:00,0.0,8.0,16.0,0.0
2026-06-08 03:15:00,0.0,0.0,24.0,0.0
2026-06-08 03:30:00,0.0,8.0,16.0,0.0
2026-06-08 03:45:00,0.0,0.0,16.0,0.0
2026-06-08 04:00:00,0.0,8.0,16.0,0.0
2026-06-08 04:15:00,0.0,8.0,16.0,0.0
2026-06-08 04:30:00,0.0,0.0,16.0,0.0
2026-06-08 04:45:00,0.0,0.0,16.0,0.0
2026-06-08 05:00:00,0.0,0.0,16.0,0.0
2026-06-08 05:15:00,0.0,0.0,24.0,0.0
2026-06-08 05:30:00,0.0,8.0,16.0,0.0
2026-06-08 05:45:00,0.0,0.0,8.0,0.0
2026-06-08 06:00:00,0.0,8.0,16.0,0.0
2026-06-08 06:15:00,0.0,8.0,24.0,0.0
2026-06-08 06:30:00,0.0,0.0,24.0,0.0
2026-06-08 06:45:00,0.0,8.0,16.0,0.0
2026-06-08 07:00:00,0.0,0.0,8.0,0.0
2026-06-08 07:15:00,0.0,0.0,24.0,0.0
2026-06-08 07:30:00,0.0,8.0,24.0,0.0
2026-06-08 07:45:00,0.0,8.0,16.0,0.0
2026-06-08 08:00:00,0.0,8.0,32.0,0.0
2026-06-08 08:15:00,0.0,8.0,40.0,0.0
2026-06-08 08:30:00,0.0,8.0,40.0,0.0
2026-06-08 08:45:00,0.0,8.0,40.0,0.0
2026-06-08 09:00:00,0.0,8.0,40.0,0.0
2026-06-08 09:15:00,0.0,8.0,48.0,0.0
2026-06-08 09:30:00,0.0,8.0,64.0,0.0
2026-06-08 09:45:00,0.0,8.0,80.0,0.0
2026-06-08 10:00:00,0.0,8.0,80.0,0.0
2026-06-08 10:15:00,0.0,8.0,64.0,0.0
2026-06-08 10:30:00,0.0,8.0,80.0,0.0
2026-06-08 10:45:00,0.0,8.0,72.0,0.0
2026-06-08 11:00:00,0.0,8.0,88.0,0.0
2026-06-08 11:15:00,0.0,8.0,88.0,0.0
2026-06-08 11:30:00,0.0,80.0,744.0,0.0
2026-06-08 11:45:00,0.0,80.0,792.0,0.0
2026-06-08 12:00:00,0.0,72.0,792.0,0.0
2026-06-08 12:15:00,0.0,80.0,816.0,0.0
2026-06-08 12:30:00,0.0,80.0,840.0,0.0
2026-06-08 12:45:00,0.0,128.0,880.0,0.0
2026-06-08 13:00:00,0.0,128.0,872.0,0.0
2026-06-08 13:15:00,0.0,128.0,872.0,0.0
2026-06-08 13:30:00,0.0,120.0,880.0,0.0
2026-06-08 13:45:00,0.0,120.0,872.0,0.0
2026-06-08 14:00:00,0.0,120.0,872.0,0.0
2026-06-08 14:15:00,0.0,128.0,872.0,0.0
2026-06-08 14:30:00,0.0,120.0,880.0,0.0
2026-06-08 14:45:00,0.0,72.0,872.0,0.0
2026-06-08 15:00:00,0.0,80.0,872.0,0.0
2026-06-08 15:15:00,0.0,80.0,888.0,0.0
2026-06-08 15:30:00,0.0,72.0,880.0,0.0
2026-06-08 15:45:00,0.0,80.0,888.0,0.0
2026-06-08 16:00:00,0.0,72.0,880.0,0.0
2026-06-08 16:15:00,0.0,72.0,872.0,0.0
2026-06-08 16:30:00,0.0,72.0,872.0,0.0
2026-06-08 16:45:00,0.0,80.0,872.0,0.0
2026-06-08 17:00:00,0.0,80.0,880.0,0.0
2026-06-08 17:15:00,0.0,72.0,880.0,0.0
2026-06-08 17:30:00,0.0,80.0,888.0,0.0
2026-06-08 17:45:00,0.0,80.0,896.0,0.0
2026-06-08 18:00:00,0.0,80.0,888.0,0.0
2026-06-08 18:15:00,0.0,80.0,880.0,0.0
2026-06-08 18:30:00,0.0,80.0,904.0,0.0
2026-06-08 18:45:00,0.0,72.0,872.0,0.0
2026-06-08 19:00:00,0.0,72.0,888.0,0.0
2026-06-08 19:15:00,0.0,72.0,896.0,0.0
2026-06-08 19:30:00,0.0,72.0,880.0,0.0
2026-06-08 19:45:00,0.0,72.0,888.0,0.0
2026-06-08 20:00:00,0.0,72.0,896.0,0.0
2026-06-08 20:15:00,0.0,80.0,888.0,0.0
2026-06-08 20:30:00,0.0,80.0,888.0,0.0
2026-06-08 20:45:00,0.0,8.0,184.0,0.0
2026-06-08 21:00:00,0.0,8.0,144.0,0.0
2026-06-08 21:15:00,0.0,8.0,136.0,0.0
2026-06-08 21:30:00,0.0,8.0,40.0,0.0
2026-06-08 21:45:00,0.0,8.0,40.0,0.0
2026-06-08 22:00:00,0.0,8.0,24.0,0.0
2026-06-08 22:15:00,0.0,8.0,16.0,0.0
2026-06-08 22:30:00,0.0,8.0,16.0,0.0
2026-06-08 22:45:00,0.0,0.0,16.0,0.0
2026-06-08 23:00:00,0.0,0.0,16.0,0.0
2026-06-08 23:15:00,0.0,8.0,24.0,0.0
2026-06-08 23:30:00,0.0,0.0,16.0,0.0
2026-06-08 23:45:00,0.0,0.0,16.0,0.0
2026-06-09 00:00:00,0.0,0.0,8.0,16.0
2026-06-09 00:15:00,0.0,0.0,0.0,24.0
2026-06-09 00:30:00,0.0,0.0,0.0,16.0
2026-06-09 00:45:00,0.0,0.0,8.0,8.0
2026-06-09 01:00:00,0.0,0.0,0.0,16.0
2026-06-09 01:15:00,0.0,0.0,8.0,24.0
2026-06-09 01:30:00,0.0,0.0,0.0,16.0
2026-06-09 01:45:00,0.0,0.0,0.0,16.0
2026-06-09 02:00:00,0.0,0.0,0.0,16.0
2026-06-09 02:15:00,0.0,0.0,0.0,16.0
2026-06-09 02:30:00,0.0,0.0,8.0,16.0
2026-06-09 02:45:00,0.0,0.0,0.0,16.0
2026-06-09 03:00:00,0.0,0.0,0.0,16.0
2026-06-09 03:15:00,0.0,0.0,0.0,16.0
2026-06-09 03:30:00,0.0,0.0,8.0,8.0
2026-06-09 03:45:00,0.0,0.0,0.0,24.0
2026-06-09 04:00:00,0.0,0.0,0.0,16.0
2026-06-09 04:15:00,0.0,0.0,0.0,8.0
2026-06-09 04:30:00,0.0,0.0,0.0,16.0
2026-06-09 04:45:00,0.0,0.0,8.0,16.0
2026-06-09 05:00:00,0.0,0.0,0.0,24.0
2026-06-09 05:15:00,0.0,0.0,0.0,16.0
2026-06-09 05:30:00,0.0,0.0,0.0,16.0
2026-06-09 05:45:00,0.0,0.0,0.0,16.0
2026-06-09 06:00:00,0.0,0.0,0.0,16.0
2026-06-09 06:15:00,0.0,0.0,0.0,16.0
2026-06-09 06:30:00,0.0,0.0,0.0,16.0
2026-06-09 06:45:00,0.0,0.0,8.0,16.0
2026-06-09 07:00:00,0.0,0.0,8.0,24.0
2026-06-09 07:15:00,0.0,0.0,0.0,16.0
2026-06-09 07:30:00,0.0,0.0,8.0,16.0
2026-06-09 07:45:00,0.0,0.0,8.0,16.0
2026-06-09 08:00:00,0.0,0.0,8.0,16.0
2026-06-09 08:15:00,0.0,0.0,0.0,16.0
2026-06-09 08:30:00,0.0,0.0,8.0,16.0
2026-06-09 08:45:00,0.0,0.0,0.0,16.0
2026-06-09 09:00:00,0.0,0.0,8.0,40.0
2026-06-09 09:15:00,0.0,0.0,8.0,32.0
2026-06-09 09:30:00,0.0,0.0,0.0,64.0
2026-06-09 09:45:00,0.0,0.0,280.0,232.0
2026-06-09 10:00:00,0.0,0.0,288.0,296.0
2026-06-09 10:15:00,0.0,0.0,288.0,280.0
2026-06-09 10:30:00,0.0,0.0,336.0,296.0
2026-06-09 10:45:00,0.0,0.0,336.0,304.0
2026-06-09 11:00:00,0.0,0.0,328.0,312.0
2026-06-09 11:15:00,0.0,0.0,328.0,288.0
2026-06-09 11:30:00,0.0,0.0,336.0,304.0
2026-06-09 11:45:00,0.0,0.0,336.0,312.0
2026-06-09 12:00:00,0.0,0.0,336.0,328.0
2026-06-09 12:15:00,0.0,0.0,328.0,312.0
2026-06-09 12:30:00,0.0,0.0,336.0,312.0
2026-06-09 12:45:00,0.0,0.0,336.0,304.0
2026-06-09 13:00:00,0.0,0.0,336.0,320.0
2026-06-09 13:15:00,0.0,0.0,336.0,280.0
2026-06-09 13:30:00,0.0,0.0,336.0,288.0
2026-06-09 13:45:00,0.0,0.0,328.0,296.0
2026-06-09 14:00:00,0.0,0.0,336.0,288.0
2026-06-09 14:15:00,0.0,0.0,336.0,344.0
2026-06-09 14:30:00,0.0,0.0,336.0,352.0
2026-06-09 14:45:00,0.0,0.0,328.0,352.0
2026-06-09 15:00:00,0.0,0.0,328.0,336.0
2026-06-09 15:15:00,0.0,0.0,336.0,344.0
2026-06-09 15:30:00,0.0,0.0,336.0,344.0
2026-06-09 15:45:00,0.0,0.0,328.0,336.0
2026-06-09 16:00:00,0.0,0.0,336.0,336.0
2026-06-09 16:15:00,0.0,0.0,336.0,272.0
2026-06-09 16:30:00,0.0,0.0,336.0,280.0
2026-06-09 16:45:00,0.0,0.0,328.0,352.0
2026-06-09 17:00:00,0.0,0.0,336.0,360.0
2026-06-09 17:15:00,0.0,0.0,336.0,344.0
2026-06-09 17:30:00,0.0,0.0,336.0,336.0
2026-06-09 17:45:00,0.0,0.0,328.0,344.0
2026-06-09 18:00:00,0.0,0.0,336.0,368.0
2026-06-09 18:15:00,0.0,0.0,336.0,344.0
2026-06-09 18:30:00,0.0,0.0,336.0,352.0
2026-06-09 18:45:00,0.0,0.0,336.0,344.0
2026-06-09 19:00:00,0.0,0.0,336.0,280.0
2026-06-09 19:15:00,0.0,0.0,328.0,288.0
2026-06-09 19:30:00,0.0,0.0,336.0,288.0
2026-06-09 19:45:00,0.0,0.0,336.0,288.0
2026-06-09 20:00:00,0.0,0.0,336.0,304.0
2026-06-09 20:15:00,0.0,0.0,336.0,296.0
2026-06-09 20:30:00,0.0,0.0,336.0,288.0
2026-06-09 20:45:00,0.0,0.0,8.0,152.0
2026-06-09 21:00:00,0.0,0.0,8.0,136.0
2026-06-09 21:15:00,0.0,0.0,8.0,136.0
2026-06-09 21:30:00,0.0,0.0,8.0,24.0
2026-06-09 21:45:00,0.0,0.0,8.0,32.0
2026-06-09 22:00:00,0.0,0.0,8.0,24.0
2026-06-09 22:15:00,0.0,0.0,8.0,16.0
2026-06-09 22:30:00,0.0,0.0,8.0,16.0
2026-06-09 22:45:00,0.0,0.0,0.0,24.0
2026-06-09 23:00:00,0.0,0.0,8.0,16.0
2026-06-09 23:15:00,0.0,0.0,0.0,16.0
2026-06-09 23:30:00,0.0,0.0,8.0,16.0
2026-06-09 23:45:00,0.0,0.0,8.0,16.0
2026-06-10 00:00:00,0.0,0.0,8.0,16.0
2026-06-10 00:15:00,0.0,0.0,8.0,16.0
2026-06-10 00:30:00,0.0,0.0,0.0,16.0
2026-06-10 00:45:00,0.0,0.0,0.0,16.0
2026-06-10 01:00:00,0.0,0.0,8.0,16.0
2026-06-10 01:15:00,0.0,0.0,0.0,16.0
2026-06-10 01:30:00,0.0,0.0,8.0,24.0
2026-06-10 01:45:00,0.0,0.0,8.0,16.0
2026-06-10 02:00:00,0.0,0.0,0.0,16.0
2026-06-10 02:15:00,0.0,0.0,0.0,16.0
2026-06-10 02:30:00,0.0,0.0,8.0,24.0
2026-06-10 02:45:00,0.0,0.0,8.0,16.0
2026-06-10 03:00:00,0.0,0.0,0.0,8.0
2026-06-10 03:15:00,0.0,0.0,0.0,16.0
2026-06-10 03:30:00,0.0,0.0,8.0,24.0
2026-06-10 03:45:00,0.0,0.0,8.0,16.0
2026-06-10 04:00:00,0.0,0.0,0.0,16.0
2026-06-10 04:15:00,0.0,0.0,0.0,16.0
2026-06-10 04:30:00,0.0,0.0,8.0,16.0
2026-06-10 04:45:00,0.0,0.0,8.0,16.0
2026-06-10 05:00:00,0.0,0.0,0.0,16.0
2026-06-10 05:15:00,0.0,0.0,0.0,16.0
2026-06-10 05:30:00,0.0,0.0,0.0,16.0
2026-06-10 05:45:00,0.0,0.0,8.0,16.0
2026-06-10 06:00:00,0.0,0.0,8.0,16.0
2026-06-10 06:15:00,0.0,0.0,0.0,16.0
2026-06-10 06:30:00,0.0,0.0,0.0,16.0
2026-06-10 06:45:00,0.0,0.0,8.0,24.0
2026-06-10 07:00:00,0.0,0.0,8.0,16.0
2026-06-10 07:15:00,0.0,0.0,0.0,24.0
2026-06-10 07:30:00,0.0,0.0,0.0,16.0
2026-06-10 07:45:00,0.0,0.0,8.0,8.0
2026-06-10 08:00:00,0.0,0.0,0.0,24.0
2026-06-10 08:15:00,0.0,0.0,8.0,16.0
2026-06-10 08:30:00,0.0,0.0,8.0,16.0
2026-06-10 08:45:00,0.0,0.0,8.0,16.0
2026-06-10 09:00:00,0.0,0.0,8.0,32.0
2026-06-10 09:15:00,0.0,0.0,8.0,40.0
2026-06-10 09:30:00,0.0,0.0,312.0,232.0
2026-06-10 09:45:00,0.0,0.0,320.0,848.0
2026-06-10 10:00:00,0.0,0.0,368.0,1040.0
2026-06-10 10:15:00,0.0,0.0,440.0,1032.0
2026-06-10 10:30:00,0.0,0.0,440.0,1032.0
2026-06-10 10:45:00,0.0,0.0,368.0,1032.0
2026-06-10 11:00:00,0.0,0.0,368.0,848.0
2026-06-10 11:15:00,0.0,0.0,336.0,352.0
2026-06-10 11:30:00,0.0,0.0,336.0,360.0
2026-06-10 11:45:00,0.0,0.0,336.0,360.0
2026-06-10 12:00:00,0.0,0.0,336.0,360.0
2026-06-10 12:15:00,0.0,0.0,336.0,352.0
2026-06-10 12:30:00,0.0,0.0,336.0,368.0
2026-06-10 12:45:00,0.0,0.0,336.0,384.0
2026-06-10 13:00:00,0.0,0.0,336.0,352.0
2026-06-10 13:15:00,0.0,0.0,336.0,368.0
2026-06-10 13:30:00,0.0,0.0,336.0,360.0
2026-06-10 13:45:00,0.0,0.0,336.0,360.0
2026-06-10 14:00:00,0.0,0.0,328.0,360.0
2026-06-10 14:15:00,0.0,0.0,336.0,368.0
2026-06-10 14:30:00,0.0,0.0,336.0,376.0
2026-06-10 14:45:00,0.0,0.0,336.0,352.0
2026-06-10 15:00:00,0.0,0.0,336.0,360.0
2026-06-10 15:15:00,0.0,0.0,336.0,360.0
2026-06-10 15:30:00,0.0,0.0,336.0,360.0
2026-06-10 15:45:00,0.0,0.0,336.0,360.0
2026-06-10 16:00:00,0.0,0.0,336.0,352.0
2026-06-10 16:15:00,0.0,0.0,336.0,352.0
2026-06-10 16:30:00,0.0,0.0,336.0,368.0
2026-06-10 16:45:00,0.0,0.0,336.0,360.0
2026-06-10 17:00:00,0.0,0.0,336.0,352.0
2026-06-10 17:15:00,0.0,0.0,336.0,352.0
2026-06-10 17:30:00,0.0,0.0,336.0,352.0
2026-06-10 17:45:00,0.0,0.0,328.0,360.0
2026-06-10 18:00:00,0.0,0.0,336.0,376.0
2026-06-10 18:15:00,0.0,0.0,336.0,368.0
2026-06-10 18:30:00,0.0,0.0,328.0,368.0
2026-06-10 18:45:00,0.0,0.0,328.0,368.0
2026-06-10 19:00:00,0.0,0.0,336.0,376.0
2026-06-10 19:15:00,0.0,0.0,336.0,360.0
2026-06-10 19:30:00,0.0,0.0,328.0,376.0
2026-06-10 19:45:00,0.0,0.0,336.0,368.0
2026-06-10 20:00:00,0.0,0.0,336.0,376.0
2026-06-10 20:15:00,0.0,0.0,328.0,360.0
2026-06-10 20:30:00,0.0,0.0,336.0,368.0
2026-06-10 20:45:00,0.0,0.0,8.0,152.0
2026-06-10 21:00:00,0.0,0.0,8.0,136.0
2026-06-10 21:15:00,0.0,0.0,8.0,64.0
2026-06-10 21:30:00,0.0,0.0,8.0,40.0
2026-06-10 21:45:00,0.0,0.0,8.0,32.0
2026-06-10 22:00:00,0.0,0.0,0.0,24.0
2026-06-10 22:15:00,0.0,0.0,0.0,16.0
2026-06-10 22:30:00,0.0,0.0,8.0,16.0
2026-06-10 22:45:00,0.0,0.0,8.0,24.0
2026-06-10 23:00:00,0.0,0.0,0.0,24.0
2026-06-10 23:15:00,0.0,0.0,0.0,16.0
2026-06-10 23:30:00,0.0,0.0,8.0,16.0
2026-06-10 23:45:00,0.0,0.0,8.0,16.0
2026-06-11 00:00:00,0.0,0.0,8.0,24.0
2026-06-11 00:15:00,0.0,0.0,8.0,16.0
2026-06-11 00:30:00,0.0,0.0,0.0,16.0
2026-06-11 00:45:00,0.0,0.0,8.0,16.0
2026-06-11 01:00:00,0.0,0.0,8.0,24.0
2026-06-11 01:15:00,0.0,0.0,0.0,16.0
2026-06-11 01:30:00,0.0,0.0,8.0,16.0
2026-06-11 01:45:00,0.0,0.0,0.0,16.0
2026-06-11 02:00:00,0.0,0.0,8.0,16.0
2026-06-11 02:15:00,0.0,0.0,8.0,24.0
2026-06-11 02:30:00,0.0,0.0,0.0,8.0
2026-06-11 02:45:00,0.0,0.0,0.0,16.0
2026-06-11 03:00:00,0.0,0.0,0.0,16.0
2026-06-11 03:15:00,0.0,0.0,8.0,16.0
2026-06-11 03:30:00,0.0,0.0,8.0,16.0
2026-06-11 03:45:00,0.0,0.0,0.0,16.0
2026-06-11 04:00:00,0.0,0.0,8.0,16.0
2026-06-11 04:15:00,0.0,0.0,0.0,24.0
2026-06-11 04:30:00,0.0,0.0,0.0,16.0
2026-06-11 04:45:00,0.0,0.0,0.0,24.0
2026-06-11 05:00:00,0.0,0.0,0.0,16.0
2026-06-11 05:15:00,0.0,0.0,8.0,8.0
2026-06-11 05:30:00,0.0,0.0,8.0,16.0
2026-06-11 05:45:00,0.0,0.0,0.0,24.0
2026-06-11 06:00:00,0.0,0.0,0.0,16.0
2026-06-11 06:15:00,0.0,0.0,8.0,16.0
2026-06-11 06:30:00,0.0,0.0,8.0,16.0
2026-06-11 06:45:00,0.0,0.0,8.0,24.0
2026-06-11 07:00:00,0.0,0.0,8.0,16.0
2026-06-11 07:15:00,0.0,0.0,0.0,8.0
2026-06-11 07:30:00,0.0,0.0,0.0,16.0
2026-06-11 07:45:00,0.0,0.0,0.0,16.0
2026-06-11 08:00:00,0.0,0.0,8.0,16.0
2026-06-11 08:15:00,0.0,0.0,8.0,24.0
2026-06-11 08:30:00,0.0,0.0,8.0,16.0
2026-06-11 08:45:00,0.0,0.0,8.0,16.0
2026-06-11 09:00:00,0.0,0.0,16.0,40.0
2026-06-11 09:15:00,0.0,0.0,352.0,424.0
2026-06-11 09:30:00,0.0,0.0,376.0,928.0
2026-06-11 09:45:00,0.0,0.0,384.0,1000.0
2026-06-11 10:00:00,0.0,0.0,384.0,1000.0
2026-06-11 10:15:00,0.0,0.0,384.0,1048.0
2026-06-11 10:30:00,0.0,0.0,384.0,1032.0
2026-06-11 10:45:00,0.0,0.0,376.0,1040.0
2026-06-11 11:00:00,0.0,0.0,384.0,1032.0
2026-06-11 11:15:00,0.0,0.0,384.0,1024.0
2026-06-11 11:30:00,0.0,0.0,384.0,1016.0
2026-06-11 11:45:00,0.0,0.0,352.0,360.0
2026-06-11 12:00:00,0.0,0.0,344.0,296.0
2026-06-11 12:15:00,0.0,0.0,344.0,352.0
2026-06-11 12:30:00,0.0,0.0,352.0,360.0
2026-06-11 12:45:00,0.0,0.0,344.0,368.0
2026-06-11 13:00:00,0.0,0.0,344.0,368.0
2026-06-11 13:15:00,0.0,0.0,352.0,376.0
2026-06-11 13:30:00,0.0,0.0,352.0,352.0
2026-06-11 13:45:00,0.0,0.0,352.0,360.0
2026-06-11 14:00:00,0.0,0.0,352.0,360.0
2026-06-11 14:15:00,0.0,0.0,344.0,360.0
2026-06-11 14:30:00,0.0,0.0,352.0,296.0
2026-06-11 14:45:00,0.0,0.0,344.0,288.0
2026-06-11 15:00:00,0.0,0.0,344.0,288.0
2026-06-11 15:15:00,0.0,0.0,344.0,288.0
2026-06-11 15:30:00,0.0,0.0,344.0,352.0
2026-06-11 15:45:00,0.0,0.0,352.0,360.0
2026-06-11 16:00:00,0.0,0.0,352.0,368.0
2026-06-11 16:15:00,0.0,0.0,352.0,288.0
2026-06-11 16:30:00,0.0,0.0,352.0,288.0
2026-06-11 16:45:00,0.0,0.0,344.0,288.0
2026-06-11 17:00:00,0.0,0.0,344.0,288.0
2026-06-11 17:15:00,0.0,0.0,344.0,288.0
2026-06-11 17:30:00,0.0,0.0,344.0,296.0
2026-06-11 17:45:00,0.0,0.0,344.0,296.0
2026-06-11 18:00:00,0.0,0.0,344.0,296.0
2026-06-11 18:15:00,0.0,0.0,352.0,288.0
2026-06-11 18:30:00,0.0,0.0,344.0,288.0
2026-06-11 18:45:00,0.0,0.0,344.0,304.0
2026-06-11 19:00:00,0.0,0.0,344.0,296.0
2026-06-11 19:15:00,0.0,0.0,344.0,296.0
2026-06-11 19:30:00,0.0,0.0,344.0,280.0
2026-06-11 19:45:00,0.0,0.0,352.0,296.0
2026-06-11 20:00:00,0.0,0.0,344.0,304.0
2026-06-11 20:15:00,0.0,0.0,344.0,304.0
2026-06-11 20:30:00,0.0,0.0,352.0,296.0
2026-06-11 20:45:00,0.0,0.0,352.0,288.0
2026-06-11 21:00:00,0.0,0.0,8.0,192.0
2026-06-11 21:15:00,0.0,0.0,8.0,112.0
2026-06-11 21:30:00,0.0,0.0,8.0,88.0
2026-06-11 21:45:00,0.0,0.0,8.0,80.0
2026-06-11 22:00:00,0.0,0.0,8.0,56.0
2026-06-11 22:15:00,0.0,0.0,8.0,64.0
2026-06-11 22:30:00,0.0,0.0,8.0,16.0
2026-06-11 22:45:00,0.0,0.0,0.0,24.0
2026-06-11 23:00:00,0.0,0.0,8.0,16.0
2026-06-11 23:15:00,0.0,0.0,8.0,8.0
2026-06-11 23:30:00,0.0,0.0,8.0,24.0
2026-06-11 23:45:00,0.0,0.0,0.0,24.0
2026-07-01 00:00:00,24.0,0.0,0.0,0.0
2026-07-01 00:15:00,24.0,8.0,0.0,0.0
2026-07-01 00:30:00,16.0,8.0,0.0,0.0
2026-07-01 00:45:00,16.0,0.0,0.0,0.0
2026-07-01 01:00:00,24.0,8.0,0.0,0.0
2026-07-01 01:15:00,16.0,8.0,0.0,0.0
2026-07-01 01:30:00,16.0,0.0,0.0,0.0
2026-07-01 01:45:00,16.0,0.0,0.0,0.0
2026-07-01 02:00:00,24.0,0.0,0.0,0.0
2026-07-01 02:15:00,24.0,8.0,0.0,0.0
2026-07-01 02:30:00,16.0,8.0,0.0,0.0
2026-07-01 02:45:00,16.0,0.0,0.0,0.0
2026-07-01 03:00:00,24.0,8.0,0.0,0.0
2026-07-01 03:15:00,24.0,8.0,0.0,0.0
2026-07-01 03:30:00,24.0,8.0,0.0,0.0
2026-07-01 03:45:00,8.0,0.0,0.0,0.0
2026-07-01 04:00:00,16.0,8.0,0.0,0.0
2026-07-01 04:15:00,24.0,8.0,0.0,0.0
2026-07-01 04:30:00,16.0,8.0,0.0,0.0
2026-07-01 04:45:00,16.0,0.0,0.0,0.0
2026-07-01 05:00:00,16.0,8.0,0.0,0.0
2026-07-01 05:15:00,16.0,8.0,0.0,0.0
2026-07-01 05:30:00,16.0,0.0,0.0,0.0
2026-07-01 05:45:00,16.0,8.0,0.0,0.0
2026-07-01 06:00:00,16.0,8.0,0.0,0.0
2026-07-01 06:15:00,16.0,0.0,0.0,0.0
2026-07-01 06:30:00,16.0,0.0,0.0,0.0
2026-07-01 06:45:00,16.0,8.0,0.0,0.0
2026-07-01 07:00:00,24.0,8.0,0.0,0.0
2026-07-01 07:15:00,16.0,0.0,0.0,0.0
2026-07-01 07:30:00,16.0,8.0,0.0,0.0
2026-07-01 07:45:00,16.0,8.0,0.0,0.0
2026-07-01 08:00:00,24.0,8.0,0.0,0.0
2026-07-01 08:15:00,24.0,8.0,0.0,0.0
2026-07-01 08:30:00,16.0,8.0,0.0,0.0
2026-07-01 08:45:00,16.0,8.0,0.0,0.0
2026-07-01 09:00:00,40.0,8.0,0.0,0.0
2026-07-01 09:15:00,176.0,296.0,0.0,0.0
2026-07-01 09:30:00,200.0,560.0,0.0,0.0
2026-07-01 09:45:00,296.0,624.0,0.0,0.0
2026-07-01 10:00:00,440.0,624.0,0.0,0.0
2026-07-01 10:15:00,352.0,624.0,0.0,0.0
2026-07-01 10:30:00,440.0,416.0,0.0,0.0
2026-07-01 10:45:00,976.0,392.0,0.0,0.0
2026-07-01 11:00:00,976.0,392.0,0.0,0.0
2026-07-01 11:15:00,984.0,400.0,0.0,0.0
2026-07-01 11:30:00,976.0,400.0,0.0,0.0
2026-07-01 11:45:00,984.0,400.0,0.0,0.0
2026-07-01 12:00:00,984.0,392.0,0.0,0.0
2026-07-01 12:15:00,976.0,392.0,0.0,0.0
2026-07-01 12:30:00,984.0,400.0,0.0,0.0
2026-07-01 12:45:00,984.0,392.0,0.0,0.0
2026-07-01 13:00:00,984.0,392.0,0.0,0.0
2026-07-01 13:15:00,1000.0,392.0,0.0,0.0
2026-07-01 13:30:00,976.0,392.0,0.0,0.0
2026-07-01 13:45:00,976.0,400.0,0.0,0.0
2026-07-01 14:00:00,984.0,392.0,0.0,0.0
2026-07-01 14:15:00,976.0,392.0,0.0,0.0
2026-07-01 14:30:00,968.0,392.0,0.0,0.0
2026-07-01 14:45:00,992.0,392.0,0.0,0.0
2026-07-01 15:00:00,984.0,392.0,0.0,0.0
2026-07-01 15:15:00,984.0,392.0,0.0,0.0
2026-07-01 15:30:00,968.0,392.0,0.0,0.0
2026-07-01 15:45:00,984.0,392.0,0.0,0.0
2026-07-01 16:00:00,976.0,392.0,0.0,0.0
2026-07-01 16:15:00,976.0,392.0,0.0,0.0
2026-07-01 16:30:00,984.0,392.0,0.0,0.0
2026-07-01 16:45:00,984.0,392.0,0.0,0.0
2026-07-01 17:00:00,992.0,392.0,0.0,0.0
2026-07-01 17:15:00,1000.0,392.0,0.0,0.0
2026-07-01 17:30:00,976.0,400.0,0.0,0.0
2026-07-01 17:45:00,992.0,392.0,0.0,0.0
2026-07-01 18:00:00,984.0,392.0,0.0,0.0
2026-07-01 18:15:00,992.0,392.0,0.0,0.0
2026-07-01 18:30:00,1000.0,392.0,0.0,0.0
2026-07-01 18:45:00,984.0,392.0,0.0,0.0
2026-07-01 19:00:00,992.0,392.0,0.0,0.0
2026-07-01 19:15:00,1008.0,400.0,0.0,0.0
2026-07-01 19:30:00,992.0,392.0,0.0,0.0
2026-07-01 19:45:00,992.0,392.0,0.0,0.0
2026-07-01 20:00:00,856.0,392.0,0.0,0.0
2026-07-01 20:15:00,360.0,360.0,0.0,0.0
2026-07-01 20:30:00,360.0,184.0,0.0,0.0
2026-07-01 20:45:00,120.0,8.0,0.0,0.0
2026-07-01 21:00:00,120.0,8.0,0.0,0.0
2026-07-01 21:15:00,104.0,8.0,0.0,0.0
2026-07-01 21:30:00,40.0,8.0,0.0,0.0
2026-07-01 21:45:00,48.0,8.0,0.0,0.0
2026-07-01 22:00:00,32.0,8.0,0.0,0.0
2026-07-01 22:15:00,16.0,8.0,0.0,0.0
2026-07-01 22:30:00,24.0,8.0,0.0,0.0
2026-07-01 22:45:00,24.0,8.0,0.0,0.0
2026-07-01 23:00:00,24.0,8.0,0.0,0.0
2026-07-01 23:15:00,24.0,0.0,0.0,0.0
2026-07-01 23:30:00,16.0,8.0,0.0,0.0
2026-07-01 23:45:00,24.0,0.0,0.0,0.0
2026-07-02 00:00:00,24.0,8.0,0.0,0.0
2026-07-02 00:15:00,16.0,0.0,0.0,0.0
2026-07-02 00:30:00,16.0,0.0,0.0,0.0
2026-07-02 00:45:00,24.0,8.0,0.0,0.0
2026-07-02 01:00:00,24.0,8.0,0.0,0.0
2026-07-02 01:15:00,16.0,0.0,0.0,0.0
2026-07-02 01:30:00,16.0,0.0,0.0,0.0
2026-07-02 01:45:00,24.0,8.0,0.0,0.0
2026-07-02 02:00:00,24.0,0.0,0.0,0.0
2026-07-02 02:15:00,16.0,8.0,0.0,0.0
2026-07-02 02:30:00,16.0,8.0,0.0,0.0
2026-07-02 02:45:00,16.0,0.0,0.0,0.0
2026-07-02 03:00:00,24.0,8.0,0.0,0.0
2026-07-02 03:15:00,24.0,8.0,0.0,0.0
2026-07-02 03:30:00,16.0,0.0,0.0,0.0
2026-07-02 03:45:00,24.0,0.0,0.0,0.0
2026-07-02 04:00:00,24.0,8.0,0.0,0.0
2026-07-02 04:15:00,16.0,8.0,0.0,0.0
2026-07-02 04:30:00,24.0,0.0,0.0,0.0
2026-07-02 04:45:00,24.0,0.0,0.0,0.0
2026-07-02 05:00:00,16.0,8.0,0.0,0.0
2026-07-02 05:15:00,16.0,8.0,0.0,0.0
2026-07-02 05:30:00,24.0,0.0,0.0,0.0
2026-07-02 05:45:00,24.0,8.0,0.0,0.0
2026-07-02 06:00:00,16.0,0.0,0.0,0.0
2026-07-02 06:15:00,8.0,8.0,0.0,0.0
2026-07-02 06:30:00,24.0,8.0,0.0,0.0
2026-07-02 06:45:00,24.0,0.0,0.0,0.0
2026-07-02 07:00:00,16.0,8.0,0.0,0.0
2026-07-02 07:15:00,16.0,8.0,0.0,0.0
2026-07-02 07:30:00,24.0,8.0,0.0,0.0
2026-07-02 07:45:00,24.0,8.0,0.0,0.0
2026-07-02 08:00:00,16.0,8.0,0.0,0.0
2026-07-02 08:15:00,16.0,8.0,0.0,0.0
2026-07-02 08:30:00,24.0,8.0,0.0,0.0
2026-07-02 08:45:00,24.0,8.0,0.0,0.0
2026-07-02 09:00:00,208.0,520.0,0.0,0.0
2026-07-02 09:15:00,280.0,648.0,0.0,0.0
2026-07-02 09:30:00,376.0,656.0,0.0,0.0
2026-07-02 09:45:00,424.0,656.0,0.0,0.0
2026-07-02 10:00:00,472.0,656.0,0.0,0.0
2026-07-02 10:15:00,472.0,656.0,0.0,0.0
2026-07-02 10:30:00,480.0,656.0,0.0,0.0
2026-07-02 10:45:00,480.0,656.0,0.0,0.0
2026-07-02 11:00:00,464.0,656.0,0.0,0.0
2026-07-02 11:15:00,472.0,656.0,0.0,0.0
2026-07-02 11:30:00,480.0,656.0,0.0,0.0
2026-07-02 11:45:00,496.0,656.0,0.0,0.0
2026-07-02 12:00:00,472.0,656.0,0.0,0.0
2026-07-02 12:15:00,488.0,656.0,0.0,0.0
2026-07-02 12:30:00,472.0,656.0,0.0,0.0
2026-07-02 12:45:00,496.0,656.0,0.0,0.0
2026-07-02 13:00:00,488.0,656.0,0.0,0.0
2026-07-02 13:15:00,488.0,656.0,0.0,0.0
2026-07-02 13:30:00,488.0,656.0,0.0,0.0
2026-07-02 13:45:00,480.0,656.0,0.0,0.0
2026-07-02 14:00:00,488.0,656.0,0.0,0.0
2026-07-02 14:15:00,472.0,656.0,0.0,0.0
2026-07-02 14:30:00,480.0,656.0,0.0,0.0
2026-07-02 14:45:00,480.0,656.0,0.0,0.0
2026-07-02 15:00:00,472.0,656.0,0.0,0.0
2026-07-02 15:15:00,480.0,656.0,0.0,0.0
2026-07-02 15:30:00,472.0,656.0,0.0,0.0
2026-07-02 15:45:00,480.0,656.0,0.0,0.0
2026-07-02 16:00:00,464.0,656.0,0.0,0.0
2026-07-02 16:15:00,472.0,656.0,0.0,0.0
2026-07-02 16:30:00,472.0,648.0,0.0,0.0
2026-07-02 16:45:00,488.0,656.0,0.0,0.0
2026-07-02 17:00:00,1112.0,440.0,0.0,0.0
2026-07-02 17:15:00,1088.0,448.0,0.0,0.0
2026-07-02 17:30:00,1088.0,448.0,0.0,0.0
2026-07-02 17:45:00,1096.0,448.0,0.0,0.0
2026-07-02 18:00:00,1096.0,448.0,0.0,0.0
2026-07-02 18:15:00,1104.0,448.0,0.0,0.0
2026-07-02 18:30:00,1096.0,448.0,0.0,0.0
2026-07-02 18:45:00,1120.0,448.0,0.0,0.0
2026-07-02 19:00:00,1104.0,448.0,0.0,0.0
2026-07-02 19:15:00,1064.0,448.0,0.0,0.0
2026-07-02 19:30:00,1088.0,448.0,0.0,0.0
2026-07-02 19:45:00,1096.0,448.0,0.0,0.0
2026-07-02 20:00:00,1096.0,448.0,0.0,0.0
2026-07-02 20:15:00,400.0,416.0,0.0,0.0
2026-07-02 20:30:00,400.0,416.0,0.0,0.0
2026-07-02 20:45:00,144.0,16.0,0.0,0.0
2026-07-02 21:00:00,144.0,16.0,0.0,0.0
2026-07-02 21:15:00,64.0,8.0,0.0,0.0
2026-07-02 21:30:00,48.0,16.0,0.0,0.0
2026-07-02 21:45:00,48.0,16.0,0.0,0.0
2026-07-02 22:00:00,24.0,16.0,0.0,0.0
2026-07-02 22:15:00,16.0,16.0,0.0,0.0
2026-07-02 22:30:00,24.0,16.0,0.0,0.0
2026-07-02 22:45:00,24.0,8.0,0.0,0.0
2026-07-02 23:00:00,24.0,8.0,0.0,0.0
2026-07-02 23:15:00,16.0,8.0,0.0,0.0
2026-07-02 23:30:00,24.0,8.0,0.0,0.0
2026-07-02 23:45:00,24.0,8.0,0.0,0.0
2026-07-03 00:00:00,24.0,8.0,0.0,0.0
2026-07-03 00:15:00,24.0,8.0,0.0,0.0
2026-07-03 00:30:00,16.0,8.0,0.0,0.0
2026-07-03 00:45:00,24.0,8.0,0.0,0.0
2026-07-03 01:00:00,24.0,8.0,0.0,0.0
2026-07-03 01:15:00,16.0,8.0,0.0,0.0
2026-07-03 01:30:00,24.0,8.0,0.0,0.0
2026-07-03 01:45:00,16.0,8.0,0.0,0.0
2026-07-03 02:00:00,16.0,8.0,0.0,0.0
2026-07-03 02:15:00,24.0,8.0,0.0,0.0
2026-07-03 02:30:00,24.0,8.0,0.0,0.0
2026-07-03 02:45:00,24.0,8.0,0.0,0.0
2026-07-03 03:00:00,16.0,0.0,0.0,0.0
2026-07-03 03:15:00,16.0,8.0,0.0,0.0
2026-07-03 03:30:00,24.0,0.0,0.0,0.0
2026-07-03 03:45:00,24.0,8.0,0.0,0.0
2026-07-03 04:00:00,16.0,0.0,0.0,0.0
2026-07-03 04:15:00,16.0,8.0,0.0,0.0
2026-07-03 04:30:00,16.0,0.0,0.0,0.0
2026-07-03 04:45:00,24.0,0.0,0.0,0.0
2026-07-03 05:00:00,24.0,8.0,0.0,0.0
2026-07-03 05:15:00,8.0,8.0,0.0,0.0
2026-07-03 05:30:00,16.0,0.0,0.0,0.0
2026-07-03 05:45:00,24.0,8.0,0.0,0.0
2026-07-03 06:00:00,16.0,8.0,0.0,0.0
2026-07-03 06:15:00,16.0,8.0,0.0,0.0
2026-07-03 06:30:00,16.0,8.0,0.0,0.0
2026-07-03 06:45:00,16.0,8.0,0.0,0.0
2026-07-03 07:00:00,24.0,8.0,0.0,0.0
2026-07-03 07:15:00,16.0,8.0,0.0,0.0
2026-07-03 07:30:00,24.0,0.0,0.0,0.0
2026-07-03 07:45:00,24.0,8.0,0.0,0.0
2026-07-03 08:00:00,16.0,8.0,0.0,0.0
2026-07-03 08:15:00,24.0,8.0,0.0,0.0
2026-07-03 08:30:00,24.0,8.0,0.0,0.0
2026-07-03 08:45:00,16.0,8.0,0.0,0.0
2026-07-03 09:00:00,768.0,320.0,0.0,0.0
2026-07-03 09:15:00,800.0,320.0,0.0,0.0
2026-07-03 09:30:00,936.0,432.0,0.0,0.0
2026-07-03 09:45:00,944.0,440.0,0.0,0.0
2026-07-03 10:00:00,1032.0,440.0,0.0,0.0
2026-07-03 10:15:00,1024.0,440.0,0.0,0.0
2026-07-03 10:30:00,1016.0,440.0,0.0,0.0
2026-07-03 10:45:00,1024.0,440.0,0.0,0.0
2026-07-03 11:00:00,1016.0,440.0,0.0,0.0
2026-07-03 11:15:00,1032.0,440.0,0.0,0.0
2026-07-03 11:30:00,1016.0,440.0,0.0,0.0
2026-07-03 11:45:00,1032.0,440.0,0.0,0.0
2026-07-03 12:00:00,1032.0,440.0,0.0,0.0
2026-07-03 12:15:00,1024.0,440.0,0.0,0.0
2026-07-03 12:30:00,1032.0,448.0,0.0,0.0
2026-07-03 12:45:00,1032.0,440.0,0.0,0.0
2026-07-03 13:00:00,1024.0,440.0,0.0,0.0
2026-07-03 13:15:00,1024.0,440.0,0.0,0.0
2026-07-03 13:30:00,1040.0,440.0,0.0,0.0
2026-07-03 13:45:00,1024.0,440.0,0.0,0.0
2026-07-03 14:00:00,1016.0,440.0,0.0,0.0
2026-07-03 14:15:00,1016.0,440.0,0.0,0.0
2026-07-03 14:30:00,1032.0,440.0,0.0,0.0
2026-07-03 14:45:00,1032.0,440.0,0.0,0.0
2026-07-03 15:00:00,1024.0,440.0,0.0,0.0
2026-07-03 15:15:00,1008.0,440.0,0.0,0.0
2026-07-03 15:30:00,1024.0,440.0,0.0,0.0
2026-07-03 15:45:00,1024.0,432.0,0.0,0.0
2026-07-03 16:00:00,1024.0,440.0,0.0,0.0
2026-07-03 16:15:00,1032.0,440.0,0.0,0.0
2026-07-03 16:30:00,1032.0,440.0,0.0,0.0
2026-07-03 16:45:00,1032.0,440.0,0.0,0.0
2026-07-03 17:00:00,1024.0,440.0,0.0,0.0
2026-07-03 17:15:00,1024.0,440.0,0.0,0.0
2026-07-03 17:30:00,1032.0,440.0,0.0,0.0
2026-07-03 17:45:00,1048.0,440.0,0.0,0.0
2026-07-03 18:00:00,1032.0,440.0,0.0,0.0
2026-07-03 18:15:00,1040.0,440.0,0.0,0.0
2026-07-03 18:30:00,1032.0,440.0,0.0,0.0
2026-07-03 18:45:00,1040.0,440.0,0.0,0.0
2026-07-03 19:00:00,1040.0,440.0,0.0,0.0
2026-07-03 19:15:00,1024.0,440.0,0.0,0.0
2026-07-03 19:30:00,1040.0,440.0,0.0,0.0
2026-07-03 19:45:00,1048.0,440.0,0.0,0.0
2026-07-03 20:00:00,328.0,408.0,0.0,0.0
2026-07-03 20:15:00,336.0,344.0,0.0,0.0
2026-07-03 20:30:00,336.0,408.0,0.0,0.0
2026-07-03 20:45:00,168.0,8.0,0.0,0.0
2026-07-03 21:00:00,72.0,16.0,0.0,0.0
2026-07-03 21:15:00,72.0,16.0,0.0,0.0
2026-07-03 21:30:00,48.0,8.0,0.0,0.0
2026-07-03 21:45:00,48.0,8.0,0.0,0.0
2026-07-03 22:00:00,24.0,8.0,0.0,0.0
2026-07-03 22:15:00,16.0,8.0,0.0,0.0
2026-07-03 22:30:00,24.0,8.0,0.0,0.0
2026-07-03 22:45:00,24.0,8.0,0.0,0.0
2026-07-03 23:00:00,16.0,8.0,0.0,0.0
2026-07-03 23:15:00,24.0,8.0,0.0,0.0
2026-07-03 23:30:00,24.0,8.0,0.0,0.0
2026-07-03 23:45:00,16.0,8.0,0.0,0.0
2026-07-04 00:00:00,24.0,0.0,0.0,0.0
2026-07-04 00:15:00,16.0,8.0,0.0,0.0
2026-07-04 00:30:00,24.0,8.0,0.0,0.0
2026-07-04 00:45:00,24.0,8.0,0.0,0.0
2026-07-04 01:00:00,16.0,8.0,0.0,0.0
2026-07-04 01:15:00,24.0,8.0,0.0,0.0
2026-07-04 01:30:00,24.0,8.0,0.0,0.0
2026-07-04 01:45:00,24.0,8.0,0.0,0.0
2026-07-04 02:00:00,16.0,8.0,0.0,0.0
2026-07-04 02:15:00,16.0,8.0,0.0,0.0
2026-07-04 02:30:00,24.0,8.0,0.0,0.0
2026-07-04 02:45:00,24.0,8.0,0.0,0.0
2026-07-04 03:00:00,16.0,8.0,0.0,0.0
2026-07-04 03:15:00,16.0,8.0,0.0,0.0
2026-07-04 03:30:00,24.0,8.0,0.0,0.0
2026-07-04 03:45:00,24.0,8.0,0.0,0.0
2026-07-04 04:00:00,16.0,8.0,0.0,0.0
2026-07-04 04:15:00,16.0,8.0,0.0,0.0
2026-07-04 04:30:00,16.0,0.0,0.0,0.0
2026-07-04 04:45:00,24.0,8.0,0.0,0.0
2026-07-04 05:00:00,16.0,8.0,0.0,0.0
2026-07-04 05:15:00,16.0,8.0,0.0,0.0
2026-07-04 05:30:00,24.0,8.0,0.0,0.0
2026-07-04 05:45:00,24.0,8.0,0.0,0.0
2026-07-04 06:00:00,16.0,8.0,0.0,0.0
2026-07-04 06:15:00,16.0,8.0,0.0,0.0
2026-07-04 06:30:00,24.0,8.0,0.0,0.0
2026-07-04 06:45:00,24.0,8.0,0.0,0.0
2026-07-04 07:00:00,8.0,8.0,0.0,0.0
2026-07-04 07:15:00,16.0,8.0,0.0,0.0
2026-07-04 07:30:00,24.0,8.0,0.0,0.0
2026-07-04 07:45:00,16.0,8.0,0.0,0.0
2026-07-04 08:00:00,16.0,8.0,0.0,0.0
2026-07-04 08:15:00,16.0,8.0,0.0,0.0
2026-07-04 08:30:00,24.0,8.0,0.0,0.0
2026-07-04 08:45:00,24.0,8.0,0.0,0.0
2026-07-04 09:00:00,48.0,8.0,0.0,0.0
2026-07-04 09:15:00,856.0,376.0,0.0,0.0
2026-07-04 09:30:00,896.0,384.0,0.0,0.0
2026-07-04 09:45:00,936.0,376.0,0.0,0.0
2026-07-04 10:00:00,976.0,376.0,0.0,0.0
2026-07-04 10:15:00,968.0,384.0,0.0,0.0
2026-07-04 10:30:00,976.0,376.0,0.0,0.0
2026-07-04 10:45:00,992.0,376.0,0.0,0.0
2026-07-04 11:00:00,968.0,384.0,0.0,0.0
2026-07-04 11:15:00,984.0,376.0,0.0,0.0
2026-07-04 11:30:00,1000.0,384.0,0.0,0.0
2026-07-04 11:45:00,992.0,376.0,0.0,0.0
2026-07-04 12:00:00,976.0,376.0,0.0,0.0
2026-07-04 12:15:00,984.0,384.0,0.0,0.0
2026-07-04 12:30:00,1008.0,376.0,0.0,0.0
2026-07-04 12:45:00,1000.0,384.0,0.0,0.0
2026-07-04 13:00:00,1000.0,376.0,0.0,0.0
2026-07-04 13:15:00,1008.0,376.0,0.0,0.0
2026-07-04 13:30:00,1000.0,376.0,0.0,0.0
2026-07-04 13:45:00,984.0,376.0,0.0,0.0
2026-07-04 14:00:00,992.0,376.0,0.0,0.0
2026-07-04 14:15:00,992.0,376.0,0.0,0.0
2026-07-04 14:30:00,984.0,376.0,0.0,0.0
2026-07-04 14:45:00,976.0,376.0,0.0,0.0
2026-07-04 15:00:00,976.0,376.0,0.0,0.0
2026-07-04 15:15:00,976.0,376.0,0.0,0.0
2026-07-04 15:30:00,968.0,384.0,0.0,0.0
2026-07-04 15:45:00,984.0,376.0,0.0,0.0
2026-07-04 16:00:00,968.0,376.0,0.0,0.0
2026-07-04 16:15:00,976.0,376.0,0.0,0.0
2026-07-04 16:30:00,992.0,376.0,0.0,0.0
2026-07-04 16:45:00,984.0,376.0,0.0,0.0
2026-07-04 17:00:00,976.0,376.0,0.0,0.0
2026-07-04 17:15:00,1008.0,376.0,0.0,0.0
2026-07-04 17:30:00,1000.0,376.0,0.0,0.0
2026-07-04 17:45:00,1000.0,376.0,0.0,0.0
2026-07-04 18:00:00,1000.0,376.0,0.0,0.0
2026-07-04 18:15:00,992.0,376.0,0.0,0.0
2026-07-04 18:30:00,1008.0,376.0,0.0,0.0
2026-07-04 18:45:00,1008.0,432.0,0.0,0.0
2026-07-04 19:00:00,1008.0,440.0,0.0,0.0
2026-07-04 19:15:00,1000.0,440.0,0.0,0.0
2026-07-04 19:30:00,992.0,440.0,0.0,0.0
2026-07-04 19:45:00,1008.0,440.0,0.0,0.0
2026-07-04 20:00:00,992.0,440.0,0.0,0.0
2026-07-04 20:15:00,384.0,408.0,0.0,0.0
2026-07-04 20:30:00,392.0,344.0,0.0,0.0
2026-07-04 20:45:00,384.0,344.0,0.0,0.0
2026-07-04 21:00:00,160.0,16.0,0.0,0.0
2026-07-04 21:15:00,152.0,8.0,0.0,0.0
2026-07-04 21:30:00,48.0,8.0,0.0,0.0
2026-07-04 21:45:00,40.0,8.0,0.0,0.0
2026-07-04 22:00:00,24.0,8.0,0.0,0.0
2026-07-04 22:15:00,24.0,8.0,0.0,0.0
2026-07-04 22:30:00,24.0,8.0,0.0,0.0
2026-07-04 22:45:00,24.0,8.0,0.0,0.0
2026-07-04 23:00:00,24.0,8.0,0.0,0.0
2026-07-04 23:15:00,24.0,8.0,0.0,0.0
2026-07-04 23:30:00,24.0,8.0,0.0,0.0
2026-07-04 23:45:00,24.0,8.0,0.0,0.0
2026-07-05 00:00:00,16.0,8.0,0.0,0.0
2026-07-05 00:15:00,16.0,8.0,0.0,0.0
2026-07-05 00:30:00,24.0,8.0,0.0,0.0
2026-07-05 00:45:00,24.0,8.0,0.0,0.0
2026-07-05 01:00:00,16.0,8.0,0.0,0.0
2026-07-05 01:15:00,16.0,8.0,0.0,0.0
2026-07-05 01:30:00,24.0,8.0,0.0,0.0
2026-07-05 01:45:00,24.0,8.0,0.0,0.0
2026-07-05 02:00:00,16.0,8.0,0.0,0.0
2026-07-05 02:15:00,16.0,8.0,0.0,0.0
2026-07-05 02:30:00,24.0,8.0,0.0,0.0
2026-07-05 02:45:00,24.0,8.0,0.0,0.0
2026-07-05 03:00:00,16.0,8.0,0.0,0.0
2026-07-05 03:15:00,16.0,8.0,0.0,0.0
2026-07-05 03:30:00,24.0,8.0,0.0,0.0
2026-07-05 03:45:00,16.0,8.0,0.0,0.0
2026-07-05 04:00:00,24.0,8.0,0.0,0.0
2026-07-05 04:15:00,24.0,8.0,0.0,0.0
2026-07-05 04:30:00,24.0,8.0,0.0,0.0
2026-07-05 04:45:00,24.0,8.0,0.0,0.0
2026-07-05 05:00:00,16.0,8.0,0.0,0.0
2026-07-05 05:15:00,24.0,8.0,0.0,0.0
2026-07-05 05:30:00,24.0,8.0,0.0,0.0
2026-07-05 05:45:00,16.0,8.0,0.0,0.0
2026-07-05 06:00:00,16.0,8.0,0.0,0.0
2026-07-05 06:15:00,16.0,8.0,0.0,0.0
2026-07-05 06:30:00,24.0,8.0,0.0,0.0
2026-07-05 06:45:00,24.0,8.0,0.0,0.0
2026-07-05 07:00:00,16.0,8.0,0.0,0.0
2026-07-05 07:15:00,16.0,8.0,0.0,0.0
2026-07-05 07:30:00,24.0,8.0,0.0,0.0
2026-07-05 07:45:00,24.0,8.0,0.0,0.0
2026-07-05 08:00:00,16.0,8.0,0.0,0.0
2026-07-05 08:15:00,16.0,8.0,0.0,0.0
2026-07-05 08:30:00,24.0,8.0,0.0,0.0
2026-07-05 08:45:00,24.0,8.0,0.0,0.0
2026-07-05 09:00:00,48.0,8.0,0.0,0.0
2026-07-05 09:15:00,296.0,320.0,0.0,0.0
2026-07-05 09:30:00,768.0,320.0,0.0,0.0
2026-07-05 09:45:00,1008.0,456.0,0.0,0.0
2026-07-05 10:00:00,1016.0,456.0,0.0,0.0
2026-07-05 10:15:00,1048.0,456.0,0.0,0.0
2026-07-05 10:30:00,1040.0,456.0,0.0,0.0
2026-07-05 10:45:00,1032.0,704.0,0.0,0.0
2026-07-05 11:00:00,1112.0,704.0,0.0,0.0
2026-07-05 11:15:00,1104.0,704.0,0.0,0.0
2026-07-05 11:30:00,488.0,672.0,0.0,0.0
2026-07-05 11:45:00,488.0,672.0,0.0,0.0
2026-07-05 12:00:00,496.0,672.0,0.0,0.0
2026-07-05 12:15:00,480.0,672.0,0.0,0.0
2026-07-05 12:30:00,496.0,672.0,0.0,0.0
2026-07-05 12:45:00,504.0,672.0,0.0,0.0
2026-07-05 13:00:00,496.0,672.0,0.0,0.0
2026-07-05 13:15:00,480.0,664.0,0.0,0.0
2026-07-05 13:30:00,512.0,664.0,0.0,0.0
2026-07-05 13:45:00,504.0,664.0,0.0,0.0
2026-07-05 14:00:00,504.0,672.0,0.0,0.0
2026-07-05 14:15:00,496.0,664.0,0.0,0.0
2026-07-05 14:30:00,504.0,664.0,0.0,0.0
2026-07-05 14:45:00,504.0,672.0,0.0,0.0
2026-07-05 15:00:00,480.0,664.0,0.0,0.0
2026-07-05 15:15:00,496.0,664.0,0.0,0.0
2026-07-05 15:30:00,488.0,664.0,0.0,0.0
2026-07-05 15:45:00,488.0,664.0,0.0,0.0
2026-07-05 16:00:00,480.0,664.0,0.0,0.0
2026-07-05 16:15:00,480.0,664.0,0.0,0.0
2026-07-05 16:30:00,472.0,672.0,0.0,0.0
2026-07-05 16:45:00,472.0,664.0,0.0,0.0
2026-07-05 17:00:00,480.0,672.0,0.0,0.0
2026-07-05 17:15:00,488.0,664.0,0.0,0.0
2026-07-05 17:30:00,488.0,664.0,0.0,0.0
2026-07-05 17:45:00,496.0,672.0,0.0,0.0
2026-07-05 18:00:00,504.0,664.0,0.0,0.0
2026-07-05 18:15:00,504.0,664.0,0.0,0.0
2026-07-05 18:30:00,496.0,664.0,0.0,0.0
2026-07-05 18:45:00,344.0,424.0,0.0,0.0
2026-07-05 19:00:00,344.0,424.0,0.0,0.0
2026-07-05 19:15:00,336.0,424.0,0.0,0.0
2026-07-05 19:30:00,352.0,424.0,0.0,0.0
2026-07-05 19:45:00,360.0,424.0,0.0,0.0
2026-07-05 20:00:00,360.0,424.0,0.0,0.0
2026-07-05 20:15:00,344.0,424.0,0.0,0.0
2026-07-05 20:30:00,328.0,424.0,0.0,0.0
2026-07-05 20:45:00,416.0,424.0,0.0,0.0
2026-07-05 21:00:00,400.0,424.0,0.0,0.0
2026-07-05 21:15:00,112.0,8.0,0.0,0.0
2026-07-05 21:30:00,88.0,8.0,0.0,0.0
2026-07-05 21:45:00,80.0,8.0,0.0,0.0
2026-07-05 22:00:00,72.0,8.0,0.0,0.0
2026-07-05 22:15:00,64.0,8.0,0.0,0.0
2026-07-05 22:30:00,64.0,8.0,0.0,0.0
2026-07-05 22:45:00,32.0,8.0,0.0,0.0
2026-07-05 23:00:00,24.0,0.0,0.0,0.0
2026-07-05 23:15:00,24.0,8.0,0.0,0.0
2026-07-05 23:30:00,24.0,8.0,0.0,0.0
2026-07-05 23:45:00,24.0,8.0,0.0,0.0
2026-07-06 00:00:00,24.0,0.0,0.0,0.0
2026-07-06 00:15:00,24.0,0.0,0.0,0.0
2026-07-06 00:30:00,24.0,8.0,0.0,0.0
2026-07-06 00:45:00,24.0,0.0,0.0,0.0
2026-07-06 01:00:00,24.0,8.0,0.0,0.0
2026-07-06 01:15:00,16.0,0.0,0.0,0.0
2026-07-06 01:30:00,24.0,8.0,0.0,0.0
2026-07-06 01:45:00,24.0,8.0,0.0,0.0
2026-07-06 02:00:00,16.0,0.0,0.0,0.0
2026-07-06 02:15:00,16.0,8.0,0.0,0.0
2026-07-06 02:30:00,24.0,8.0,0.0,0.0
2026-07-06 02:45:00,24.0,8.0,0.0,0.0
2026-07-06 03:00:00,24.0,8.0,0.0,0.0
2026-07-06 03:15:00,16.0,0.0,0.0,0.0
2026-07-06 03:30:00,24.0,0.0,0.0,0.0
2026-07-06 03:45:00,24.0,8.0,0.0,0.0
2026-07-06 04:00:00,24.0,0.0,0.0,0.0
2026-07-06 04:15:00,16.0,8.0,0.0,0.0
2026-07-06 04:30:00,16.0,0.0,0.0,0.0
2026-07-06 04:45:00,24.0,8.0,0.0,0.0
2026-07-06 05:00:00,24.0,8.0,0.0,0.0
2026-07-06 05:15:00,16.0,8.0,0.0,0.0
2026-07-06 05:30:00,24.0,0.0,0.0,0.0
2026-07-06 05:45:00,24.0,8.0,0.0,0.0
2026-07-06 06:00:00,24.0,8.0,0.0,0.0
2026-07-06 06:15:00,24.0,8.0,0.0,0.0
2026-07-06 06:30:00,24.0,0.0,0.0,0.0
2026-07-06 06:45:00,24.0,8.0,0.0,0.0
2026-07-06 07:00:00,24.0,8.0,0.0,0.0
2026-07-06 07:15:00,16.0,0.0,0.0,0.0
2026-07-06 07:30:00,24.0,8.0,0.0,0.0
2026-07-06 07:45:00,24.0,8.0,0.0,0.0
2026-07-06 08:00:00,16.0,8.0,0.0,0.0
2026-07-06 08:15:00,16.0,8.0,0.0,0.0
2026-07-06 08:30:00,24.0,8.0,0.0,0.0
2026-07-06 08:45:00,24.0,8.0,0.0,0.0
2026-07-06 09:00:00,48.0,272.0,0.0,0.0
2026-07-06 09:15:00,192.0,584.0,0.0,0.0
2026-07-06 09:30:00,360.0,672.0,0.0,0.0
2026-07-06 09:45:00,424.0,664.0,0.0,0.0
2026-07-06 10:00:00,440.0,664.0,0.0,0.0
2026-07-06 10:15:00,448.0,664.0,0.0,0.0
2026-07-06 10:30:00,448.0,664.0,0.0,0.0
2026-07-06 10:45:00,448.0,672.0,0.0,0.0
2026-07-06 11:00:00,440.0,672.0,0.0,0.0
2026-07-06 11:15:00,448.0,664.0,0.0,0.0
2026-07-06 11:30:00,456.0,672.0,0.0,0.0
2026-07-06 11:45:00,464.0,664.0,0.0,0.0
2026-07-06 12:00:00,1008.0,456.0,0.0,0.0
2026-07-06 12:15:00,1008.0,456.0,0.0,0.0
2026-07-06 12:30:00,1032.0,448.0,0.0,0.0
2026-07-06 12:45:00,1032.0,456.0,0.0,0.0
2026-07-06 13:00:00,1040.0,456.0,0.0,0.0
2026-07-06 13:15:00,1024.0,456.0,0.0,0.0
2026-07-06 13:30:00,1016.0,456.0,0.0,0.0
2026-07-06 13:45:00,1016.0,464.0,0.0,0.0
2026-07-06 14:00:00,984.0,456.0,0.0,0.0
2026-07-06 14:15:00,1000.0,464.0,0.0,0.0
2026-07-06 14:30:00,1016.0,456.0,0.0,0.0
2026-07-06 14:45:00,1024.0,456.0,0.0,0.0
2026-07-06 15:00:00,1016.0,456.0,0.0,0.0
2026-07-06 15:15:00,1032.0,456.0,0.0,0.0
2026-07-06 15:30:00,1016.0,456.0,0.0,0.0
2026-07-06 15:45:00,1040.0,456.0,0.0,0.0
2026-07-06 16:00:00,1008.0,456.0,0.0,0.0
2026-07-06 16:15:00,1024.0,456.0,0.0,0.0
2026-07-06 16:30:00,1016.0,456.0,0.0,0.0
2026-07-06 16:45:00,1024.0,456.0,0.0,0.0
2026-07-06 17:00:00,1016.0,456.0,0.0,0.0
2026-07-06 17:15:00,1024.0,456.0,0.0,0.0
2026-07-06 17:30:00,1024.0,456.0,0.0,0.0
2026-07-06 17:45:00,1032.0,456.0,0.0,0.0
2026-07-06 18:00:00,1032.0,456.0,0.0,0.0
2026-07-06 18:15:00,1024.0,456.0,0.0,0.0
2026-07-06 18:30:00,1056.0,456.0,0.0,0.0
2026-07-06 18:45:00,1024.0,448.0,0.0,0.0
2026-07-06 19:00:00,1040.0,448.0,0.0,0.0
2026-07-06 19:15:00,1016.0,456.0,0.0,0.0
2026-07-06 19:30:00,1032.0,456.0,0.0,0.0
2026-07-06 19:45:00,1016.0,456.0,0.0,0.0
2026-07-06 20:00:00,1024.0,456.0,0.0,0.0
2026-07-06 20:15:00,1024.0,456.0,0.0,0.0
2026-07-06 20:30:00,344.0,424.0,0.0,0.0
2026-07-06 20:45:00,336.0,424.0,0.0,0.0
2026-07-06 21:00:00,312.0,424.0,0.0,0.0
2026-07-06 21:15:00,320.0,416.0,0.0,0.0
2026-07-06 21:30:00,88.0,8.0,0.0,0.0
2026-07-06 21:45:00,80.0,8.0,0.0,0.0
2026-07-06 22:00:00,72.0,8.0,0.0,0.0
2026-07-06 22:15:00,24.0,8.0,0.0,0.0
2026-07-06 22:30:00,24.0,8.0,0.0,0.0
2026-07-06 22:45:00,32.0,8.0,0.0,0.0
2026-07-06 23:00:00,24.0,8.0,0.0,0.0
2026-07-06 23:15:00,24.0,8.0,0.0,0.0
2026-07-06 23:30:00,24.0,8.0,0.0,0.0
2026-07-06 23:45:00,24.0,8.0,0.0,0.0
2026-07-07 00:00:00,24.0,0.0,0.0,0.0
2026-07-07 00:15:00,24.0,8.0,0.0,0.0
2026-07-07 00:30:00,24.0,8.0,0.0,0.0
2026-07-07 00:45:00,24.0,0.0,0.0,0.0
2026-07-07 01:00:00,24.0,0.0,0.0,0.0
2026-07-07 01:15:00,16.0,0.0,0.0,0.0
2026-07-07 01:30:00,24.0,8.0,0.0,0.0
2026-07-07 01:45:00,24.0,8.0,0.0,0.0
2026-07-07 02:00:00,16.0,0.0,0.0,0.0
2026-07-07 02:15:00,24.0,0.0,0.0,0.0
2026-07-07 02:30:00,24.0,8.0,0.0,0.0
2026-07-07 02:45:00,24.0,8.0,0.0,0.0
2026-07-07 03:00:00,16.0,8.0,0.0,0.0
2026-07-07 03:15:00,16.0,8.0,0.0,0.0
2026-07-07 03:30:00,24.0,8.0,0.0,0.0
2026-07-07 03:45:00,24.0,8.0,0.0,0.0
2026-07-07 04:00:00,16.0,8.0,0.0,0.0
2026-07-07 04:15:00,24.0,8.0,0.0,0.0
2026-07-07 04:30:00,16.0,8.0,0.0,0.0
2026-07-07 04:45:00,24.0,0.0,0.0,0.0
2026-07-07 05:00:00,16.0,0.0,0.0,0.0
2026-07-07 05:15:00,16.0,0.0,0.0,0.0
2026-07-07 05:30:00,16.0,8.0,0.0,0.0
2026-07-07 05:45:00,24.0,8.0,0.0,0.0
2026-07-07 06:00:00,16.0,8.0,0.0,0.0
2026-07-07 06:15:00,16.0,8.0,0.0,0.0
2026-07-07 06:30:00,24.0,8.0,0.0,0.0
2026-07-07 06:45:00,24.0,8.0,0.0,0.0
2026-07-07 07:00:00,16.0,8.0,0.0,0.0
2026-07-07 07:15:00,16.0,8.0,0.0,0.0
2026-07-07 07:30:00,16.0,0.0,0.0,0.0
2026-07-07 07:45:00,24.0,8.0,0.0,0.0
2026-07-07 08:00:00,24.0,8.0,0.0,0.0
2026-07-07 08:15:00,16.0,8.0,0.0,0.0
2026-07-07 08:30:00,24.0,8.0,0.0,0.0
2026-07-07 08:45:00,16.0,8.0,0.0,0.0
2026-07-07 09:00:00,48.0,8.0,0.0,0.0
2026-07-07 09:15:00,352.0,368.0,0.0,0.0
2026-07-07 09:30:00,920.0,456.0,0.0,0.0
2026-07-07 09:45:00,944.0,456.0,0.0,0.0
2026-07-07 10:00:00,976.0,456.0,0.0,0.0
2026-07-07 10:15:00,976.0,456.0,0.0,0.0
2026-07-07 10:30:00,976.0,456.0,0.0,0.0
2026-07-07 10:45:00,984.0,456.0,0.0,0.0
2026-07-07 11:00:00,976.0,456.0,0.0,0.0
2026-07-07 11:15:00,976.0,464.0,0.0,0.0
2026-07-07 11:30:00,976.0,464.0,0.0,0.0
2026-07-07 11:45:00,1080.0,696.0,0.0,0.0
2026-07-07 12:00:00,1064.0,696.0,0.0,0.0
2026-07-07 12:15:00,1072.0,456.0,0.0,0.0
2026-07-07 12:30:00,1096.0,464.0,0.0,0.0
2026-07-07 12:45:00,1096.0,456.0,0.0,0.0
2026-07-07 13:00:00,1096.0,464.0,0.0,0.0
2026-07-07 13:15:00,1064.0,464.0,0.0,0.0
2026-07-07 13:30:00,1080.0,464.0,0.0,0.0
2026-07-07 13:45:00,1104.0,704.0,0.0,0.0
2026-07-07 14:00:00,472.0,672.0,0.0,0.0
2026-07-07 14:15:00,472.0,672.0,0.0,0.0
2026-07-07 14:30:00,480.0,672.0,0.0,0.0
2026-07-07 14:45:00,488.0,672.0,0.0,0.0
2026-07-07 15:00:00,472.0,672.0,0.0,0.0
2026-07-07 15:15:00,472.0,672.0,0.0,0.0
2026-07-07 15:30:00,472.0,672.0,0.0,0.0
2026-07-07 15:45:00,480.0,672.0,0.0,0.0
2026-07-07 16:00:00,464.0,672.0,0.0,0.0
2026-07-07 16:15:00,464.0,672.0,0.0,0.0
2026-07-07 16:30:00,480.0,672.0,0.0,0.0
2026-07-07 16:45:00,472.0,672.0,0.0,0.0
2026-07-07 17:00:00,480.0,672.0,0.0,0.0
2026-07-07 17:15:00,464.0,672.0,0.0,0.0
2026-07-07 17:30:00,480.0,672.0,0.0,0.0
2026-07-07 17:45:00,488.0,672.0,0.0,0.0
2026-07-07 18:00:00,472.0,672.0,0.0,0.0
2026-07-07 18:15:00,480.0,672.0,0.0,0.0
2026-07-07 18:30:00,488.0,672.0,0.0,0.0
2026-07-07 18:45:00,480.0,672.0,0.0,0.0
2026-07-07 19:00:00,480.0,672.0,0.0,0.0
2026-07-07 19:15:00,472.0,672.0,0.0,0.0
2026-07-07 19:30:00,480.0,672.0,0.0,0.0
2026-07-07 19:45:00,480.0,672.0,0.0,0.0
2026-07-07 20:00:00,472.0,672.0,0.0,0.0
2026-07-07 20:15:00,488.0,664.0,0.0,0.0
2026-07-07 20:30:00,488.0,672.0,0.0,0.0
2026-07-07 20:45:00,472.0,672.0,0.0,0.0
2026-07-07 21:00:00,464.0,432.0,0.0,0.0
2026-07-07 21:15:00,296.0,360.0,0.0,0.0
2026-07-07 21:30:00,272.0,352.0,0.0,0.0
2026-07-07 21:45:00,48.0,16.0,0.0,0.0
2026-07-07 22:00:00,40.0,16.0,0.0,0.0
2026-07-07 22:15:00,24.0,16.0,0.0,0.0
2026-07-07 22:30:00,24.0,8.0,0.0,0.0
2026-07-07 22:45:00,32.0,16.0,0.0,0.0
2026-07-07 23:00:00,24.0,8.0,0.0,0.0
2026-07-07 23:15:00,16.0,8.0,0.0,0.0
2026-07-07 23:30:00,24.0,8.0,0.0,0.0
2026-07-07 23:45:00,32.0,8.0,0.0,0.0
2026-07-08 00:00:00,24.0,8.0,0.0,0.0
2026-07-08 00:15:00,24.0,8.0,0.0,0.0
2026-07-08 00:30:00,16.0,8.0,0.0,0.0
2026-07-08 00:45:00,24.0,8.0,0.0,0.0
2026-07-08 01:00:00,24.0,8.0,0.0,0.0
2026-07-08 01:15:00,16.0,8.0,0.0,0.0
2026-07-08 01:30:00,24.0,0.0,0.0,0.0
2026-07-08 01:45:00,24.0,8.0,0.0,0.0
2026-07-08 02:00:00,16.0,0.0,0.0,0.0
2026-07-08 02:15:00,24.0,8.0,0.0,0.0
2026-07-08 02:30:00,24.0,8.0,0.0,0.0
2026-07-08 02:45:00,24.0,8.0,0.0,0.0
2026-07-08 03:00:00,16.0,0.0,0.0,0.0
2026-07-08 03:15:00,16.0,8.0,0.0,0.0
2026-07-08 03:30:00,24.0,8.0,0.0,0.0
2026-07-08 03:45:00,24.0,8.0,0.0,0.0
2026-07-08 04:00:00,24.0,8.0,0.0,0.0
2026-07-08 04:15:00,24.0,8.0,0.0,0.0
2026-07-08 04:30:00,24.0,8.0,0.0,0.0
2026-07-08 04:45:00,16.0,8.0,0.0,0.0
2026-07-08 05:00:00,24.0,8.0,0.0,0.0
2026-07-08 05:15:00,24.0,8.0,0.0,0.0
2026-07-08 05:30:00,24.0,8.0,0.0,0.0
2026-07-08 05:45:00,16.0,0.0,0.0,0.0
2026-07-08 06:00:00,24.0,8.0,0.0,0.0
2026-07-08 06:15:00,24.0,8.0,0.0,0.0
2026-07-08 06:30:00,24.0,8.0,0.0,0.0
2026-07-08 06:45:00,16.0,8.0,0.0,0.0
2026-07-08 07:00:00,16.0,8.0,0.0,0.0
2026-07-08 07:15:00,24.0,8.0,0.0,0.0
2026-07-08 07:30:00,24.0,8.0,0.0,0.0
2026-07-08 07:45:00,24.0,16.0,0.0,0.0
2026-07-08 08:00:00,16.0,8.0,0.0,0.0
2026-07-08 08:15:00,24.0,8.0,0.0,0.0
2026-07-08 08:30:00,24.0,16.0,0.0,0.0
2026-07-08 08:45:00,16.0,16.0,0.0,0.0
2026-07-08 09:00:00,48.0,16.0,0.0,0.0
2026-07-08 09:15:00,352.0,592.0,0.0,0.0
2026-07-08 09:30:00,432.0,656.0,0.0,0.0
2026-07-08 09:45:00,424.0,656.0,0.0,0.0
2026-07-08 10:00:00,432.0,648.0,0.0,0.0
2026-07-08 10:15:00,440.0,656.0,0.0,0.0
2026-07-08 10:30:00,456.0,656.0,0.0,0.0
2026-07-08 10:45:00,440.0,656.0,0.0,0.0
2026-07-08 11:00:00,440.0,656.0,0.0,0.0
2026-07-08 11:15:00,448.0,656.0,0.0,0.0
2026-07-08 11:30:00,456.0,656.0,0.0,0.0
2026-07-08 11:45:00,456.0,656.0,0.0,0.0
2026-07-08 12:00:00,448.0,656.0,0.0,0.0
2026-07-08 12:15:00,448.0,656.0,0.0,0.0
2026-07-08 12:30:00,448.0,656.0,0.0,0.0
2026-07-08 12:45:00,456.0,656.0,0.0,0.0
2026-07-08 13:00:00,448.0,656.0,0.0,0.0
2026-07-08 13:15:00,464.0,656.0,0.0,0.0
2026-07-08 13:30:00,448.0,648.0,0.0,0.0
2026-07-08 13:45:00,544.0,680.0,0.0,0.0
2026-07-08 14:00:00,1168.0,752.0,0.0,0.0
2026-07-08 14:15:00,1184.0,752.0,0.0,0.0
2026-07-08 14:30:00,1176.0,760.0,0.0,0.0
2026-07-08 14:45:00,1168.0,752.0,0.0,0.0
2026-07-08 15:00:00,1160.0,760.0,0.0,0.0
2026-07-08 15:15:00,1160.0,752.0,0.0,0.0
2026-07-08 15:30:00,1176.0,752.0,0.0,0.0
2026-07-08 15:45:00,1168.0,752.0,0.0,0.0
2026-07-08 16:00:00,1168.0,760.0,0.0,0.0
2026-07-08 16:15:00,1168.0,760.0,0.0,0.0
2026-07-08 16:30:00,1160.0,752.0,0.0,0.0
2026-07-08 16:45:00,1160.0,760.0,0.0,0.0
2026-07-08 17:00:00,1160.0,760.0,0.0,0.0
2026-07-08 17:15:00,1192.0,752.0,0.0,0.0
2026-07-08 17:30:00,1168.0,752.0,0.0,0.0
2026-07-08 17:45:00,1192.0,760.0,0.0,0.0
2026-07-08 18:00:00,1176.0,760.0,0.0,0.0
2026-07-08 18:15:00,1176.0,752.0,0.0,0.0
2026-07-08 18:30:00,1192.0,760.0,0.0,0.0
2026-07-08 18:45:00,1176.0,752.0,0.0,0.0
2026-07-08 19:00:00,1160.0,752.0,0.0,0.0
2026-07-08 19:15:00,1176.0,752.0,0.0,0.0
2026-07-08 19:30:00,664.0,760.0,0.0,0.0
2026-07-08 19:45:00,536.0,728.0,0.0,0.0
2026-07-08 20:00:00,512.0,728.0,0.0,0.0
2026-07-08 20:15:00,536.0,720.0,0.0,0.0
2026-07-08 20:30:00,520.0,720.0,0.0,0.0
2026-07-08 20:45:00,512.0,728.0,0.0,0.0
2026-07-08 21:00:00,504.0,728.0,0.0,0.0
2026-07-08 21:15:00,376.0,408.0,0.0,0.0
2026-07-08 21:30:00,128.0,16.0,0.0,0.0
2026-07-08 21:45:00,128.0,8.0,0.0,0.0
2026-07-08 22:00:00,112.0,8.0,0.0,0.0
2026-07-08 22:15:00,96.0,8.0,0.0,0.0
2026-07-08 22:30:00,24.0,8.0,0.0,0.0
2026-07-08 22:45:00,32.0,8.0,0.0,0.0
2026-07-08 23:00:00,24.0,8.0,0.0,0.0
2026-07-08 23:15:00,24.0,8.0,0.0,0.0
2026-07-08 23:30:00,24.0,8.0,0.0,0.0
2026-07-08 23:45:00,24.0,8.0,0.0,0.0
2026-07-09 00:00:00,24.0,8.0,0.0,0.0
2026-07-09 00:15:00,24.0,8.0,0.0,0.0
2026-07-09 00:30:00,24.0,0.0,0.0,0.0
2026-07-09 00:45:00,24.0,0.0,0.0,0.0
2026-07-09 01:00:00,16.0,8.0,0.0,0.0
2026-07-09 01:15:00,24.0,0.0,0.0,0.0
2026-07-09 01:30:00,24.0,0.0,0.0,0.0
2026-07-09 01:45:00,24.0,8.0,0.0,0.0
2026-07-09 02:00:00,16.0,8.0,0.0,0.0
2026-07-09 02:15:00,24.0,8.0,0.0,0.0
2026-07-09 02:30:00,24.0,8.0,0.0,0.0
2026-07-09 02:45:00,24.0,0.0,0.0,0.0
2026-07-09 03:00:00,24.0,8.0,0.0,0.0
2026-07-09 03:15:00,16.0,0.0,0.0,0.0
2026-07-09 03:30:00,24.0,0.0,0.0,0.0
2026-07-09 03:45:00,24.0,8.0,0.0,0.0
2026-07-09 04:00:00,24.0,8.0,0.0,0.0
2026-07-09 04:15:00,24.0,0.0,0.0,0.0
2026-07-09 04:30:00,24.0,8.0,0.0,0.0
2026-07-09 04:45:00,16.0,8.0,0.0,0.0
2026-07-09 05:00:00,24.0,8.0,0.0,0.0
2026-07-09 05:15:00,16.0,0.0,0.0,0.0
2026-07-09 05:30:00,24.0,0.0,0.0,0.0
2026-07-09 05:45:00,24.0,0.0,0.0,0.0
2026-07-09 06:00:00,16.0,8.0,0.0,0.0
2026-07-09 06:15:00,24.0,0.0,0.0,0.0
2026-07-09 06:30:00,24.0,0.0,0.0,0.0
2026-07-09 06:45:00,24.0,8.0,0.0,0.0
2026-07-09 07:00:00,16.0,8.0,0.0,0.0
2026-07-09 07:15:00,24.0,8.0,0.0,0.0
2026-07-09 07:30:00,24.0,0.0,0.0,0.0
2026-07-09 07:45:00,24.0,8.0,0.0,0.0
2026-07-09 08:00:00,24.0,8.0,0.0,0.0
2026-07-09 08:15:00,16.0,8.0,0.0,0.0
2026-07-09 08:30:00,40.0,8.0,0.0,0.0
2026-07-09 08:45:00,48.0,8.0,0.0,0.0
2026-07-09 09:00:00,48.0,8.0,0.0,0.0
2026-07-09 09:15:00,48.0,8.0,0.0,0.0
2026-07-09 09:30:00,216.0,648.0,0.0,0.0
2026-07-09 09:45:00,280.0,648.0,0.0,0.0
2026-07-09 10:00:00,352.0,720.0,0.0,0.0
2026-07-09 10:15:00,344.0,720.0,0.0,0.0
2026-07-09 10:30:00,400.0,720.0,0.0,0.0
2026-07-09 10:45:00,408.0,720.0,0.0,0.0
2026-07-09 11:00:00,416.0,720.0,0.0,0.0
2026-07-09 11:15:00,416.0,720.0,0.0,0.0
2026-07-09 11:30:00,416.0,728.0,0.0,0.0
2026-07-09 11:45:00,424.0,728.0,0.0,0.0
2026-07-09 12:00:00,408.0,728.0,0.0,0.0
2026-07-09 12:15:00,416.0,720.0,0.0,0.0
2026-07-09 12:30:00,496.0,720.0,0.0,0.0
2026-07-09 12:45:00,480.0,720.0,0.0,0.0
2026-07-09 13:00:00,472.0,648.0,0.0,0.0
2026-07-09 13:15:00,488.0,648.0,0.0,0.0
2026-07-09 13:30:00,512.0,648.0,0.0,0.0
2026-07-09 13:45:00,488.0,656.0,0.0,0.0
2026-07-09 14:00:00,976.0,752.0,0.0,0.0
2026-07-09 14:15:00,1112.0,760.0,0.0,0.0
2026-07-09 14:30:00,1104.0,760.0,0.0,0.0
2026-07-09 14:45:00,1112.0,760.0,0.0,0.0
2026-07-09 15:00:00,1112.0,752.0,0.0,0.0
2026-07-09 15:15:00,1128.0,760.0,0.0,0.0
2026-07-09 15:30:00,1112.0,752.0,0.0,0.0
2026-07-09 15:45:00,1096.0,760.0,0.0,0.0
2026-07-09 16:00:00,1104.0,760.0,0.0,0.0
2026-07-09 16:15:00,1112.0,760.0,0.0,0.0
2026-07-09 16:30:00,1120.0,760.0,0.0,0.0
2026-07-09 16:45:00,1112.0,760.0,0.0,0.0
2026-07-09 17:00:00,1104.0,760.0,0.0,0.0
2026-07-09 17:15:00,1104.0,760.0,0.0,0.0
2026-07-09 17:30:00,1120.0,760.0,0.0,0.0
2026-07-09 17:45:00,1128.0,760.0,0.0,0.0
2026-07-09 18:00:00,1112.0,760.0,0.0,0.0
2026-07-09 18:15:00,1112.0,760.0,0.0,0.0
2026-07-09 18:30:00,1120.0,760.0,0.0,0.0
2026-07-09 18:45:00,1120.0,760.0,0.0,0.0
2026-07-09 19:00:00,1128.0,760.0,0.0,0.0
2026-07-09 19:15:00,1128.0,760.0,0.0,0.0
2026-07-09 19:30:00,448.0,720.0,0.0,0.0
2026-07-09 19:45:00,464.0,720.0,0.0,0.0
2026-07-09 20:00:00,448.0,728.0,0.0,0.0
2026-07-09 20:15:00,440.0,720.0,0.0,0.0
2026-07-09 20:30:00,448.0,720.0,0.0,0.0
2026-07-09 20:45:00,448.0,728.0,0.0,0.0
2026-07-09 21:00:00,440.0,728.0,0.0,0.0
2026-07-09 21:15:00,432.0,560.0,0.0,0.0
2026-07-09 21:30:00,40.0,16.0,0.0,0.0
2026-07-09 21:45:00,32.0,16.0,0.0,0.0
2026-07-09 22:00:00,24.0,16.0,0.0,0.0
2026-07-09 22:15:00,24.0,16.0,0.0,0.0
2026-07-09 22:30:00,24.0,16.0,0.0,0.0
2026-07-09 22:45:00,16.0,8.0,0.0,0.0
2026-07-09 23:00:00,24.0,8.0,0.0,0.0
2026-07-09 23:15:00,24.0,8.0,0.0,0.0
2026-07-09 23:30:00,24.0,8.0,0.0,0.0
2026-07-09 23:45:00,24.0,8.0,0.0,0.0
2026-07-10 00:00:00,24.0,8.0,0.0,0.0
2026-07-10 00:15:00,16.0,8.0,0.0,0.0
2026-07-10 00:30:00,24.0,8.0,0.0,0.0
2026-07-10 00:45:00,24.0,8.0,0.0,0.0
2026-07-10 01:00:00,16.0,8.0,0.0,0.0
2026-07-10 01:15:00,24.0,8.0,0.0,0.0
2026-07-10 01:30:00,16.0,8.0,0.0,0.0
2026-07-10 01:45:00,24.0,0.0,0.0,0.0
2026-07-10 02:00:00,24.0,8.0,0.0,0.0
2026-07-10 02:15:00,24.0,8.0,0.0,0.0
2026-07-10 02:30:00,16.0,0.0,0.0,0.0
2026-07-10 02:45:00,24.0,8.0,0.0,0.0
2026-07-10 03:00:00,24.0,0.0,0.0,0.0
2026-07-10 03:15:00,24.0,8.0,0.0,0.0
2026-07-10 03:30:00,16.0,8.0,0.0,0.0
2026-07-10 03:45:00,16.0,8.0,0.0,0.0
2026-07-10 04:00:00,24.0,8.0,0.0,0.0
2026-07-10 04:15:00,24.0,0.0,0.0,0.0
2026-07-10 04:30:00,16.0,8.0,0.0,0.0
2026-07-10 04:45:00,24.0,0.0,0.0,0.0
2026-07-10 05:00:00,24.0,8.0,0.0,0.0
2026-07-10 05:15:00,24.0,8.0,0.0,0.0
2026-07-10 05:30:00,24.0,8.0,0.0,0.0
2026-07-10 05:45:00,16.0,0.0,0.0,0.0
2026-07-10 06:00:00,24.0,8.0,0.0,0.0
2026-07-10 06:15:00,24.0,0.0,0.0,0.0
2026-07-10 06:30:00,16.0,8.0,0.0,0.0
2026-07-10 06:45:00,24.0,8.0,0.0,0.0
2026-07-10 07:00:00,16.0,8.0,0.0,0.0
2026-07-10 07:15:00,24.0,8.0,0.0,0.0
2026-07-10 07:30:00,24.0,8.0,0.0,0.0
2026-07-10 07:45:00,24.0,8.0,0.0,0.0
2026-07-10 08:00:00,24.0,8.0,0.0,0.0
2026-07-10 08:15:00,24.0,8.0,0.0,0.0
2026-07-10 08:30:00,16.0,8.0,0.0,0.0
2026-07-10 08:45:00,312.0,664.0,0.0,0.0
2026-07-10 09:00:00,408.0,664.0,0.0,0.0
2026-07-10 09:15:00,416.0,664.0,0.0,0.0
2026-07-10 09:30:00,416.0,664.0,0.0,0.0
2026-07-10 09:45:00,488.0,672.0,0.0,0.0
2026-07-10 10:00:00,512.0,664.0,0.0,0.0
2026-07-10 10:15:00,536.0,664.0,0.0,0.0
2026-07-10 10:30:00,536.0,664.0,0.0,0.0
2026-07-10 10:45:00,544.0,664.0,0.0,0.0
2026-07-10 11:00:00,536.0,664.0,0.0,0.0
2026-07-10 11:15:00,552.0,672.0,0.0,0.0
2026-07-10 11:30:00,552.0,672.0,0.0,0.0
2026-07-10 11:45:00,648.0,696.0,0.0,0.0
2026-07-10 12:00:00,1176.0,760.0,0.0,0.0
2026-07-10 12:15:00,1176.0,760.0,0.0,0.0
2026-07-10 12:30:00,1192.0,760.0,0.0,0.0
2026-07-10 12:45:00,1192.0,760.0,0.0,0.0
2026-07-10 13:00:00,1184.0,760.0,0.0,0.0
2026-07-10 13:15:00,1176.0,760.0,0.0,0.0
2026-07-10 13:30:00,1160.0,752.0,0.0,0.0
2026-07-10 13:45:00,1184.0,760.0,0.0,0.0
2026-07-10 14:00:00,1168.0,760.0,0.0,0.0
2026-07-10 14:15:00,1176.0,728.0,0.0,0.0
2026-07-10 14:30:00,1176.0,768.0,0.0,0.0
2026-07-10 14:45:00,1168.0,776.0,0.0,0.0
2026-07-10 15:00:00,1176.0,776.0,0.0,0.0
2026-07-10 15:15:00,1168.0,776.0,0.0,0.0
2026-07-10 15:30:00,1168.0,768.0,0.0,0.0
2026-07-10 15:45:00,1176.0,776.0,0.0,0.0
2026-07-10 16:00:00,1168.0,768.0,0.0,0.0
2026-07-10 16:15:00,1168.0,776.0,0.0,0.0
2026-07-10 16:30:00,1184.0,768.0,0.0,0.0
2026-07-10 16:45:00,1184.0,768.0,0.0,0.0
2026-07-10 17:00:00,1184.0,768.0,0.0,0.0
2026-07-10 17:15:00,1192.0,768.0,0.0,0.0
2026-07-10 17:30:00,1200.0,768.0,0.0,0.0
2026-07-10 17:45:00,1184.0,768.0,0.0,0.0
2026-07-10 18:00:00,1184.0,768.0,0.0,0.0
2026-07-10 18:15:00,1200.0,768.0,0.0,0.0
2026-07-10 18:30:00,1192.0,776.0,0.0,0.0
2026-07-10 18:45:00,1208.0,776.0,0.0,0.0
2026-07-10 19:00:00,1192.0,768.0,0.0,0.0
2026-07-10 19:15:00,1200.0,776.0,0.0,0.0
2026-07-10 19:30:00,1224.0,768.0,0.0,0.0
2026-07-10 19:45:00,1208.0,768.0,0.0,0.0
2026-07-10 20:00:00,1200.0,768.0,0.0,0.0
2026-07-10 20:15:00,1208.0,768.0,0.0,0.0
2026-07-10 20:30:00,1200.0,768.0,0.0,0.0
2026-07-10 20:45:00,1208.0,768.0,0.0,0.0
2026-07-10 21:00:00,544.0,736.0,0.0,0.0
2026-07-10 21:15:00,536.0,736.0,0.0,0.0
2026-07-10 21:30:00,64.0,16.0,0.0,0.0
2026-07-10 21:45:00,40.0,16.0,0.0,0.0
2026-07-10 22:00:00,32.0,16.0,0.0,0.0
2026-07-10 22:15:00,24.0,8.0,0.0,0.0
2026-07-10 22:30:00,24.0,8.0,0.0,0.0
2026-07-10 22:45:00,24.0,8.0,0.0,0.0
2026-07-10 23:00:00,24.0,8.0,0.0,0.0
2026-07-10 23:15:00,24.0,8.0,0.0,0.0
2026-07-10 23:30:00,24.0,8.0,0.0,0.0
2026-07-10 23:45:00,24.0,8.0,0.0,0.0
2026-07-11 00:00:00,24.0,8.0,0.0,0.0
2026-07-11 00:15:00,24.0,0.0,0.0,0.0
2026-07-11 00:30:00,24.0,8.0,0.0,0.0
2026-07-11 00:45:00,24.0,8.0,0.0,0.0
2026-07-11 01:00:00,16.0,8.0,0.0,0.0
2026-07-11 01:15:00,24.0,8.0,0.0,0.0
2026-07-11 01:30:00,16.0,8.0,0.0,0.0
2026-07-11 01:45:00,24.0,8.0,0.0,0.0
2026-07-11 02:00:00,24.0,8.0,0.0,0.0
2026-07-11 02:15:00,24.0,0.0,0.0,0.0
2026-07-11 02:30:00,16.0,8.0,0.0,0.0
2026-07-11 02:45:00,24.0,8.0,0.0,0.0
2026-07-11 03:00:00,24.0,8.0,0.0,0.0
2026-07-11 03:15:00,24.0,8.0,0.0,0.0
2026-07-11 03:30:00,16.0,8.0,0.0,0.0
2026-07-11 03:45:00,16.0,8.0,0.0,0.0
2026-07-11 04:00:00,24.0,0.0,0.0,0.0
2026-07-11 04:15:00,24.0,8.0,0.0,0.0
2026-07-11 04:30:00,16.0,8.0,0.0,0.0
2026-07-11 04:45:00,16.0,0.0,0.0,0.0
2026-07-11 05:00:00,24.0,8.0,0.0,0.0
2026-07-11 05:15:00,24.0,8.0,0.0,0.0
2026-07-11 05:30:00,24.0,8.0,0.0,0.0
2026-07-11 05:45:00,16.0,0.0,0.0,0.0
2026-07-11 06:00:00,24.0,8.0,0.0,0.0
2026-07-11 06:15:00,24.0,8.0,0.0,0.0
2026-07-11 06:30:00,24.0,8.0,0.0,0.0
2026-07-11 06:45:00,24.0,8.0,0.0,0.0
2026-07-11 07:00:00,24.0,8.0,0.0,0.0
2026-07-11 07:15:00,24.0,8.0,0.0,0.0
2026-07-11 07:30:00,24.0,8.0,0.0,0.0
2026-07-11 07:45:00,24.0,8.0,0.0,0.0
2026-07-11 08:00:00,40.0,8.0,0.0,0.0
2026-07-11 08:15:00,400.0,608.0,0.0,0.0
2026-07-11 08:30:00,400.0,680.0,0.0,0.0
2026-07-11 08:45:00,408.0,736.0,0.0,0.0
2026-07-11 09:00:00,416.0,744.0,0.0,0.0
2026-07-11 09:15:00,408.0,744.0,0.0,0.0
2026-07-11 09:30:00,472.0,744.0,0.0,0.0
2026-07-11 09:45:00,488.0,744.0,0.0,0.0
2026-07-11 10:00:00,976.0,768.0,0.0,0.0
2026-07-11 10:15:00,1152.0,768.0,0.0,0.0
2026-07-11 10:30:00,1216.0,768.0,0.0,0.0
2026-07-11 10:45:00,1200.0,776.0,0.0,0.0
2026-07-11 11:00:00,1216.0,776.0,0.0,0.0
2026-07-11 11:15:00,1248.0,776.0,0.0,0.0
2026-07-11 11:30:00,1240.0,768.0,0.0,0.0
2026-07-11 11:45:00,1232.0,768.0,0.0,0.0
2026-07-11 12:00:00,1232.0,768.0,0.0,0.0
2026-07-11 12:15:00,1224.0,768.0,0.0,0.0
2026-07-11 12:30:00,1240.0,768.0,0.0,0.0
2026-07-11 12:45:00,616.0,984.0,0.0,0.0
2026-07-11 13:00:00,616.0,976.0,0.0,0.0
2026-07-11 13:15:00,608.0,976.0,0.0,0.0
2026-07-11 13:30:00,632.0,968.0,0.0,0.0
2026-07-11 13:45:00,648.0,976.0,0.0,0.0
2026-07-11 14:00:00,632.0,976.0,0.0,0.0
2026-07-11 14:15:00,640.0,976.0,0.0,0.0
2026-07-11 14:30:00,632.0,976.0,0.0,0.0
2026-07-11 14:45:00,712.0,1000.0,0.0,0.0
2026-07-11 15:00:00,1264.0,1000.0,0.0,0.0
2026-07-11 15:15:00,1264.0,1000.0,0.0,0.0
2026-07-11 15:30:00,1248.0,1008.0,0.0,0.0
2026-07-11 15:45:00,656.0,976.0,0.0,0.0
2026-07-11 16:00:00,640.0,976.0,0.0,0.0
2026-07-11 16:15:00,656.0,976.0,0.0,0.0
2026-07-11 16:30:00,648.0,976.0,0.0,0.0
2026-07-11 16:45:00,640.0,968.0,0.0,0.0
2026-07-11 17:00:00,648.0,976.0,0.0,0.0
2026-07-11 17:15:00,656.0,976.0,0.0,0.0
2026-07-11 17:30:00,672.0,976.0,0.0,0.0
2026-07-11 17:45:00,664.0,976.0,0.0,0.0
2026-07-11 18:00:00,664.0,976.0,0.0,0.0
2026-07-11 18:15:00,648.0,968.0,0.0,0.0
2026-07-11 18:30:00,656.0,976.0,0.0,0.0
2026-07-11 18:45:00,664.0,976.0,0.0,0.0
2026-07-11 19:00:00,672.0,976.0,0.0,0.0
2026-07-11 19:15:00,672.0,976.0,0.0,0.0
2026-07-11 19:30:00,664.0,976.0,0.0,0.0
2026-07-11 19:45:00,656.0,976.0,0.0,0.0
2026-07-11 20:00:00,656.0,976.0,0.0,0.0
2026-07-11 20:15:00,656.0,968.0,0.0,0.0
2026-07-11 20:30:00,656.0,976.0,0.0,0.0
2026-07-11 20:45:00,656.0,968.0,0.0,0.0
2026-07-11 21:00:00,528.0,736.0,0.0,0.0
2026-07-11 21:15:00,528.0,736.0,0.0,0.0
2026-07-11 21:30:00,344.0,216.0,0.0,0.0
2026-07-11 21:45:00,184.0,16.0,0.0,0.0
2026-07-11 22:00:00,24.0,16.0,0.0,0.0
2026-07-11 22:15:00,24.0,16.0,0.0,0.0
2026-07-11 22:30:00,24.0,16.0,0.0,0.0
2026-07-11 22:45:00,24.0,8.0,0.0,0.0
2026-07-11 23:00:00,24.0,8.0,0.0,0.0
2026-07-11 23:15:00,24.0,8.0,0.0,0.0
2026-07-11 23:30:00,24.0,8.0,0.0,0.0
2026-07-11 23:45:00,24.0,8.0,0.0,0.0
2026-07-12 00:00:00,24.0,8.0,0.0,0.0
2026-07-12 00:15:00,24.0,8.0,0.0,0.0
2026-07-12 00:30:00,24.0,8.0,0.0,0.0
2026-07-12 00:45:00,24.0,8.0,0.0,0.0
2026-07-12 01:00:00,24.0,8.0,0.0,0.0
2026-07-12 01:15:00,24.0,8.0,0.0,0.0
2026-07-12 01:30:00,24.0,8.0,0.0,0.0
2026-07-12 01:45:00,16.0,8.0,0.0,0.0
2026-07-12 02:00:00,24.0,8.0,0.0,0.0
2026-07-12 02:15:00,24.0,8.0,0.0,0.0
2026-07-12 02:30:00,24.0,8.0,0.0,0.0
2026-07-12 02:45:00,24.0,8.0,0.0,0.0
2026-07-12 03:00:00,16.0,8.0,0.0,0.0
2026-07-12 03:15:00,16.0,8.0,0.0,0.0
2026-07-12 03:30:00,24.0,8.0,0.0,0.0
2026-07-12 03:45:00,16.0,8.0,0.0,0.0
2026-07-12 04:00:00,24.0,8.0,0.0,0.0
2026-07-12 04:15:00,24.0,8.0,0.0,0.0
2026-07-12 04:30:00,16.0,8.0,0.0,0.0
2026-07-12 04:45:00,24.0,8.0,0.0,0.0
2026-07-12 05:00:00,24.0,8.0,0.0,0.0
2026-07-12 05:15:00,24.0,8.0,0.0,0.0
2026-07-12 05:30:00,24.0,8.0,0.0,0.0
2026-07-12 05:45:00,16.0,8.0,0.0,0.0
2026-07-12 06:00:00,24.0,8.0,0.0,0.0
2026-07-12 06:15:00,24.0,8.0,0.0,0.0
2026-07-12 06:30:00,16.0,8.0,0.0,0.0
2026-07-12 06:45:00,16.0,8.0,0.0,0.0
2026-07-12 07:00:00,24.0,8.0,0.0,0.0
2026-07-12 07:15:00,24.0,8.0,0.0,0.0
2026-07-12 07:30:00,24.0,8.0,0.0,0.0
2026-07-12 07:45:00,16.0,8.0,0.0,0.0
2026-07-12 08:00:00,48.0,8.0,0.0,0.0
2026-07-12 08:15:00,320.0,736.0,0.0,0.0
2026-07-12 08:30:00,480.0,728.0,0.0,0.0
2026-07-12 08:45:00,480.0,736.0,0.0,0.0
2026-07-12 09:00:00,1096.0,768.0,0.0,0.0
2026-07-12 09:15:00,1080.0,768.0,0.0,0.0
2026-07-12 09:30:00,1024.0,776.0,0.0,0.0
2026-07-12 09:45:00,560.0,736.0,0.0,0.0
2026-07-12 10:00:00,560.0,736.0,0.0,0.0
2026-07-12 10:15:00,552.0,736.0,0.0,0.0
2026-07-12 10:30:00,1112.0,768.0,0.0,0.0
2026-07-12 10:45:00,1176.0,768.0,0.0,0.0
2026-07-12 11:00:00,1176.0,768.0,0.0,0.0
2026-07-12 11:15:00,1168.0,768.0,0.0,0.0
2026-07-12 11:30:00,1176.0,776.0,0.0,0.0
2026-07-12 11:45:00,1184.0,768.0,0.0,0.0
2026-07-12 12:00:00,1176.0,768.0,0.0,0.0
2026-07-12 12:15:00,1184.0,768.0,0.0,0.0
2026-07-12 12:30:00,1192.0,768.0,0.0,0.0
2026-07-12 12:45:00,1176.0,768.0,0.0,0.0
2026-07-12 13:00:00,1184.0,768.0,0.0,0.0
2026-07-12 13:15:00,1184.0,768.0,0.0,0.0
2026-07-12 13:30:00,1184.0,768.0,0.0,0.0
2026-07-12 13:45:00,1192.0,768.0,0.0,0.0
2026-07-12 14:00:00,1184.0,768.0,0.0,0.0
2026-07-12 14:15:00,1192.0,768.0,0.0,0.0
2026-07-12 14:30:00,1176.0,768.0,0.0,0.0
2026-07-12 14:45:00,1184.0,768.0,0.0,0.0
2026-07-12 15:00:00,1168.0,768.0,0.0,0.0
2026-07-12 15:15:00,1160.0,768.0,0.0,0.0
2026-07-12 15:30:00,1176.0,768.0,0.0,0.0
2026-07-12 15:45:00,1168.0,768.0,0.0,0.0
2026-07-12 16:00:00,1168.0,768.0,0.0,0.0
2026-07-12 16:15:00,1168.0,768.0,0.0,0.0
2026-07-12 16:30:00,1160.0,768.0,0.0,0.0
2026-07-12 16:45:00,1168.0,768.0,0.0,0.0
2026-07-12 17:00:00,1176.0,768.0,0.0,0.0
2026-07-12 17:15:00,1176.0,768.0,0.0,0.0
2026-07-12 17:30:00,1200.0,768.0,0.0,0.0
2026-07-12 17:45:00,1192.0,768.0,0.0,0.0
2026-07-12 18:00:00,1192.0,768.0,0.0,0.0
2026-07-12 18:15:00,1208.0,768.0,0.0,0.0
2026-07-12 18:30:00,1200.0,768.0,0.0,0.0
2026-07-12 18:45:00,1184.0,768.0,0.0,0.0
2026-07-12 19:00:00,1184.0,768.0,0.0,0.0
2026-07-12 19:15:00,1184.0,768.0,0.0,0.0
2026-07-12 19:30:00,1184.0,768.0,0.0,0.0
2026-07-12 19:45:00,1168.0,760.0,0.0,0.0
2026-07-12 20:00:00,1192.0,760.0,0.0,0.0
2026-07-12 20:15:00,1184.0,760.0,0.0,0.0
2026-07-12 20:30:00,1176.0,768.0,0.0,0.0
2026-07-12 20:45:00,488.0,736.0,0.0,0.0
2026-07-12 21:00:00,544.0,672.0,0.0,0.0
2026-07-12 21:15:00,536.0,672.0,0.0,0.0
2026-07-12 21:30:00,312.0,72.0,0.0,0.0
2026-07-12 21:45:00,136.0,8.0,0.0,0.0
2026-07-12 22:00:00,24.0,8.0,0.0,0.0
2026-07-12 22:15:00,24.0,8.0,0.0,0.0
2026-07-12 22:30:00,24.0,8.0,0.0,0.0
2026-07-12 22:45:00,24.0,8.0,0.0,0.0
2026-07-12 23:00:00,24.0,8.0,0.0,0.0
2026-07-12 23:15:00,24.0,8.0,0.0,0.0
2026-07-12 23:30:00,24.0,8.0,0.0,0.0
2026-07-12 23:45:00,16.0,8.0,0.0,0.0
2026-07-13 00:00:00,24.0,8.0,0.0,0.0
2026-07-13 00:15:00,24.0,8.0,0.0,0.0
2026-07-13 00:30:00,24.0,8.0,0.0,0.0
2026-07-13 00:45:00,24.0,8.0,0.0,0.0
2026-07-13 01:00:00,24.0,8.0,0.0,0.0
2026-07-13 01:15:00,24.0,8.0,0.0,0.0
2026-07-13 01:30:00,16.0,8.0,0.0,0.0
2026-07-13 01:45:00,16.0,8.0,0.0,0.0
2026-07-13 02:00:00,32.0,8.0,0.0,0.0
2026-07-13 02:15:00,24.0,0.0,0.0,0.0
2026-07-13 02:30:00,16.0,0.0,0.0,0.0
2026-07-13 02:45:00,24.0,8.0,0.0,0.0
2026-07-13 03:00:00,24.0,8.0,0.0,0.0
2026-07-13 03:15:00,24.0,0.0,0.0,0.0
2026-07-13 03:30:00,16.0,8.0,0.0,0.0
2026-07-13 03:45:00,16.0,8.0,0.0,0.0
2026-07-13 04:00:00,24.0,0.0,0.0,0.0
2026-07-13 04:15:00,24.0,8.0,0.0,0.0
2026-07-13 04:30:00,16.0,8.0,0.0,0.0
2026-07-13 04:45:00,24.0,8.0,0.0,0.0
2026-07-13 05:00:00,24.0,8.0,0.0,0.0
2026-07-13 05:15:00,24.0,0.0,0.0,0.0
2026-07-13 05:30:00,24.0,0.0,0.0,0.0
2026-07-13 05:45:00,16.0,8.0,0.0,0.0
2026-07-13 06:00:00,24.0,0.0,0.0,0.0
2026-07-13 06:15:00,24.0,0.0,0.0,0.0
2026-07-13 06:30:00,24.0,8.0,0.0,0.0
2026-07-13 06:45:00,24.0,8.0,0.0,0.0
2026-07-13 07:00:00,24.0,8.0,0.0,0.0
2026-07-13 07:15:00,16.0,0.0,0.0,0.0
2026-07-13 07:30:00,24.0,8.0,0.0,0.0
2026-07-13 07:45:00,16.0,8.0,0.0,0.0
2026-07-13 08:00:00,24.0,16.0,0.0,0.0
2026-07-13 08:15:00,24.0,8.0,0.0,0.0
2026-07-13 08:30:00,696.0,640.0,0.0,0.0
2026-07-13 08:45:00,1056.0,768.0,0.0,0.0
2026-07-13 09:00:00,1144.0,768.0,0.0,0.0
2026-07-13 09:15:00,1152.0,768.0,0.0,0.0
2026-07-13 09:30:00,1080.0,768.0,0.0,0.0
2026-07-13 09:45:00,1096.0,768.0,0.0,0.0
2026-07-13 10:00:00,1096.0,768.0,0.0,0.0
2026-07-13 10:15:00,1176.0,768.0,0.0,0.0
2026-07-13 10:30:00,1176.0,760.0,0.0,0.0
2026-07-13 10:45:00,1200.0,768.0,0.0,0.0
2026-07-13 11:00:00,1200.0,768.0,0.0,0.0
2026-07-13 11:15:00,1208.0,768.0,0.0,0.0
2026-07-13 11:30:00,1192.0,768.0,0.0,0.0
2026-07-13 11:45:00,1192.0,768.0,0.0,0.0
2026-07-13 12:00:00,1200.0,768.0,0.0,0.0
2026-07-13 12:15:00,1192.0,768.0,0.0,0.0
2026-07-13 12:30:00,560.0,984.0,0.0,0.0
2026-07-13 12:45:00,608.0,976.0,0.0,0.0
2026-07-13 13:00:00,600.0,976.0,0.0,0.0
2026-07-13 13:15:00,616.0,968.0,0.0,0.0
2026-07-13 13:30:00,600.0,976.0,0.0,0.0
2026-07-13 13:45:00,648.0,968.0,0.0,0.0
2026-07-13 14:00:00,640.0,976.0,0.0,0.0
2026-07-13 14:15:00,664.0,968.0,0.0,0.0
2026-07-13 14:30:00,640.0,968.0,0.0,0.0
2026-07-13 14:45:00,648.0,968.0,0.0,0.0
2026-07-13 15:00:00,640.0,968.0,0.0,0.0
2026-07-13 15:15:00,656.0,952.0,0.0,0.0
2026-07-13 15:30:00,648.0,952.0,0.0,0.0
2026-07-13 15:45:00,656.0,952.0,0.0,0.0
2026-07-13 16:00:00,648.0,984.0,0.0,0.0
2026-07-13 16:15:00,576.0,984.0,0.0,0.0
2026-07-13 16:30:00,584.0,984.0,0.0,0.0
2026-07-13 16:45:00,640.0,984.0,0.0,0.0
2026-07-13 17:00:00,624.0,992.0,0.0,0.0
2026-07-13 17:15:00,624.0,992.0,0.0,0.0
2026-07-13 17:30:00,648.0,984.0,0.0,0.0
2026-07-13 17:45:00,656.0,984.0,0.0,0.0
2026-07-13 18:00:00,648.0,984.0,0.0,0.0
2026-07-13 18:15:00,656.0,984.0,0.0,0.0
2026-07-13 18:30:00,656.0,992.0,0.0,0.0
2026-07-13 18:45:00,664.0,992.0,0.0,0.0
2026-07-13 19:00:00,664.0,992.0,0.0,0.0
2026-07-13 19:15:00,656.0,984.0,0.0,0.0
2026-07-13 19:30:00,648.0,984.0,0.0,0.0
2026-07-13 19:45:00,664.0,984.0,0.0,0.0
2026-07-13 20:00:00,664.0,752.0,0.0,0.0
2026-07-13 20:15:00,600.0,752.0,0.0,0.0
2026-07-13 20:30:00,592.0,752.0,0.0,0.0
2026-07-13 20:45:00,592.0,752.0,0.0,0.0
2026-07-13 21:00:00,568.0,752.0,0.0,0.0
2026-07-13 21:15:00,568.0,744.0,0.0,0.0
2026-07-13 21:30:00,96.0,16.0,0.0,0.0
2026-07-13 21:45:00,88.0,16.0,0.0,0.0
2026-07-13 22:00:00,72.0,16.0,0.0,0.0
2026-07-13 22:15:00,72.0,16.0,0.0,0.0
2026-07-13 22:30:00,24.0,8.0,0.0,0.0
2026-07-13 22:45:00,24.0,8.0,0.0,0.0
2026-07-13 23:00:00,24.0,0.0,0.0,0.0
2026-07-13 23:15:00,24.0,8.0,0.0,0.0
2026-07-13 23:30:00,16.0,8.0,0.0,0.0
2026-07-13 23:45:00,24.0,8.0,0.0,0.0
2026-07-14 00:00:00,24.0,8.0,0.0,0.0
2026-07-14 00:15:00,24.0,8.0,0.0,0.0
2026-07-14 00:30:00,24.0,0.0,0.0,0.0
2026-07-14 00:45:00,24.0,8.0,0.0,0.0
2026-07-14 01:00:00,16.0,8.0,0.0,0.0
2026-07-14 01:15:00,24.0,0.0,0.0,0.0
2026-07-14 01:30:00,24.0,8.0,0.0,0.0
2026-07-14 01:45:00,24.0,0.0,0.0,0.0
2026-07-14 02:00:00,24.0,8.0,0.0,0.0
2026-07-14 02:15:00,24.0,8.0,0.0,0.0
2026-07-14 02:30:00,24.0,8.0,0.0,0.0
2026-07-14 02:45:00,24.0,8.0,0.0,0.0
2026-07-14 03:00:00,24.0,0.0,0.0,0.0
2026-07-14 03:15:00,24.0,8.0,0.0,0.0
2026-07-14 03:30:00,24.0,8.0,0.0,0.0
2026-07-14 03:45:00,24.0,8.0,0.0,0.0
2026-07-14 04:00:00,24.0,8.0,0.0,0.0
2026-07-14 04:15:00,24.0,0.0,0.0,0.0
2026-07-14 04:30:00,24.0,0.0,0.0,0.0
2026-07-14 04:45:00,24.0,8.0,0.0,0.0
2026-07-14 05:00:00,24.0,0.0,0.0,0.0
2026-07-14 05:15:00,24.0,8.0,0.0,0.0
2026-07-14 05:30:00,24.0,8.0,0.0,0.0
2026-07-14 05:45:00,16.0,8.0,0.0,0.0
2026-07-14 06:00:00,24.0,0.0,0.0,0.0
2026-07-14 06:15:00,24.0,8.0,0.0,0.0
2026-07-14 06:30:00,24.0,0.0,0.0,0.0
2026-07-14 06:45:00,24.0,8.0,0.0,0.0
2026-07-14 07:00:00,16.0,8.0,0.0,0.0
2026-07-14 07:15:00,24.0,8.0,0.0,0.0
2026-07-14 07:30:00,24.0,8.0,0.0,0.0
2026-07-14 07:45:00,24.0,8.0,0.0,0.0
2026-07-14 08:00:00,48.0,72.0,0.0,0.0
2026-07-14 08:15:00,1128.0,776.0,0.0,0.0
2026-07-14 08:30:00,1128.0,776.0,0.0,0.0
2026-07-14 08:45:00,1136.0,776.0,0.0,0.0
2026-07-14 09:00:00,1160.0,784.0,0.0,0.0
2026-07-14 09:15:00,1176.0,784.0,0.0,0.0
2026-07-14 09:30:00,1184.0,784.0,0.0,0.0
2026-07-14 09:45:00,1192.0,784.0,0.0,0.0
2026-07-14 10:00:00,1224.0,784.0,0.0,0.0
2026-07-14 10:15:00,1200.0,1016.0,0.0,0.0
2026-07-14 10:30:00,1280.0,1016.0,0.0,0.0
2026-07-14 10:45:00,1288.0,1016.0,0.0,0.0
2026-07-14 11:00:00,1072.0,1016.0,0.0,0.0
2026-07-14 11:15:00,1272.0,1016.0,0.0,0.0
2026-07-14 11:30:00,1272.0,1016.0,0.0,0.0
2026-07-14 11:45:00,752.0,1024.0,0.0,0.0
2026-07-14 12:00:00,744.0,976.0,0.0,0.0
2026-07-14 12:15:00,648.0,992.0,0.0,0.0
2026-07-14 12:30:00,648.0,992.0,0.0,0.0
2026-07-14 12:45:00,648.0,992.0,0.0,0.0
2026-07-14 13:00:00,648.0,992.0,0.0,0.0
2026-07-14 13:15:00,1024.0,1024.0,0.0,0.0
2026-07-14 13:30:00,1272.0,1024.0,0.0,0.0
2026-07-14 13:45:00,1296.0,1024.0,0.0,0.0
2026-07-14 14:00:00,1256.0,1024.0,0.0,0.0
2026-07-14 14:15:00,1264.0,1016.0,0.0,0.0
2026-07-14 14:30:00,1264.0,1024.0,0.0,0.0
2026-07-14 14:45:00,1248.0,1024.0,0.0,0.0
2026-07-14 15:00:00,744.0,1024.0,0.0,0.0
2026-07-14 15:15:00,648.0,1032.0,0.0,0.0
2026-07-14 15:30:00,648.0,1032.0,0.0,0.0
2026-07-14 15:45:00,664.0,1032.0,0.0,0.0
2026-07-14 16:00:00,648.0,1032.0,0.0,0.0
2026-07-14 16:15:00,648.0,1032.0,0.0,0.0
2026-07-14 16:30:00,648.0,1024.0,0.0,0.0
2026-07-14 16:45:00,656.0,1024.0,0.0,0.0
2026-07-14 17:00:00,656.0,1024.0,0.0,0.0
2026-07-14 17:15:00,648.0,1024.0,0.0,0.0
2026-07-14 17:30:00,656.0,1024.0,0.0,0.0
2026-07-14 17:45:00,656.0,1024.0,0.0,0.0
2026-07-14 18:00:00,672.0,1032.0,0.0,0.0
2026-07-14 18:15:00,664.0,1024.0,0.0,0.0
2026-07-14 18:30:00,656.0,1024.0,0.0,0.0
2026-07-14 18:45:00,648.0,1024.0,0.0,0.0
2026-07-14 19:00:00,656.0,1024.0,0.0,0.0
2026-07-14 19:15:00,656.0,1032.0,0.0,0.0
2026-07-14 19:30:00,664.0,1024.0,0.0,0.0
2026-07-14 19:45:00,656.0,1024.0,0.0,0.0
2026-07-14 20:00:00,600.0,752.0,0.0,0.0
2026-07-14 20:15:00,608.0,752.0,0.0,0.0
2026-07-14 20:30:00,592.0,752.0,0.0,0.0
2026-07-14 20:45:00,608.0,752.0,0.0,0.0
2026-07-14 21:00:00,592.0,752.0,0.0,0.0
2026-07-14 21:15:00,576.0,752.0,0.0,0.0
2026-07-14 21:30:00,536.0,744.0,0.0,0.0
2026-07-14 21:45:00,96.0,16.0,0.0,0.0
2026-07-14 22:00:00,80.0,16.0,0.0,0.0
2026-07-14 22:15:00,72.0,16.0,0.0,0.0
2026-07-14 22:30:00,24.0,8.0,0.0,0.0
2026-07-14 22:45:00,24.0,16.0,0.0,0.0
2026-07-14 23:00:00,24.0,8.0,0.0,0.0
2026-07-14 23:15:00,32.0,8.0,0.0,0.0
2026-07-14 23:30:00,16.0,8.0,0.0,0.0
2026-07-14 23:45:00,16.0,8.0,0.0,0.0
2026-07-15 00:00:00,32.0,8.0,0.0,0.0
2026-07-15 00:15:00,24.0,8.0,0.0,0.0
2026-07-15 00:30:00,24.0,8.0,0.0,0.0
2026-07-15 00:45:00,16.0,8.0,0.0,0.0
2026-07-15 01:00:00,24.0,8.0,0.0,0.0
2026-07-15 01:15:00,24.0,8.0,0.0,0.0
2026-07-15 01:30:00,24.0,8.0,0.0,0.0
2026-07-15 01:45:00,16.0,8.0,0.0,0.0
2026-07-15 02:00:00,24.0,8.0,0.0,0.0
2026-07-15 02:15:00,24.0,8.0,0.0,0.0
2026-07-15 02:30:00,16.0,8.0,0.0,0.0
2026-07-15 02:45:00,24.0,8.0,0.0,0.0
2026-07-15 03:00:00,24.0,8.0,0.0,0.0
2026-07-15 03:15:00,24.0,8.0,0.0,0.0
2026-07-15 03:30:00,16.0,8.0,0.0,0.0
2026-07-15 03:45:00,16.0,8.0,0.0,0.0
2026-07-15 04:00:00,24.0,8.0,0.0,0.0
2026-07-15 04:15:00,24.0,8.0,0.0,0.0
2026-07-15 04:30:00,16.0,8.0,0.0,0.0
2026-07-15 04:45:00,24.0,8.0,0.0,0.0
2026-07-15 05:00:00,24.0,8.0,0.0,0.0
2026-07-15 05:15:00,24.0,8.0,0.0,0.0
2026-07-15 05:30:00,16.0,8.0,0.0,0.0
2026-07-15 05:45:00,16.0,8.0,0.0,0.0
2026-07-15 06:00:00,24.0,8.0,0.0,0.0
2026-07-15 06:15:00,24.0,8.0,0.0,0.0
2026-07-15 06:30:00,24.0,8.0,0.0,0.0
2026-07-15 06:45:00,16.0,8.0,0.0,0.0
2026-07-15 07:00:00,24.0,8.0,0.0,0.0
2026-07-15 07:15:00,24.0,8.0,0.0,0.0
2026-07-15 07:30:00,16.0,8.0,0.0,0.0
2026-07-15 07:45:00,24.0,8.0,0.0,0.0
2026-07-15 08:00:00,440.0,784.0,0.0,0.0
2026-07-15 08:15:00,1048.0,792.0,0.0,0.0
2026-07-15 08:30:00,1056.0,792.0,0.0,0.0
2026-07-15 08:45:00,1064.0,792.0,0.0,0.0
2026-07-15 09:00:00,1104.0,800.0,0.0,0.0
2026-07-15 09:15:00,1192.0,800.0,0.0,0.0
2026-07-15 09:30:00,1216.0,800.0,0.0,0.0
2026-07-15 09:45:00,1224.0,800.0,0.0,0.0
2026-07-15 10:00:00,1216.0,800.0,0.0,0.0
2026-07-15 10:15:00,1256.0,1024.0,0.0,0.0
2026-07-15 10:30:00,1248.0,1024.0,0.0,0.0
2026-07-15 10:45:00,1232.0,1032.0,0.0,0.0
2026-07-15 11:00:00,1208.0,1032.0,0.0,0.0
2026-07-15 11:15:00,1224.0,1032.0,0.0,0.0
2026-07-15 11:30:00,1216.0,1032.0,0.0,0.0
2026-07-15 11:45:00,1224.0,1024.0,0.0,0.0
2026-07-15 12:00:00,1224.0,1032.0,0.0,0.0
2026-07-15 12:15:00,1216.0,1032.0,0.0,0.0
2026-07-15 12:30:00,1240.0,1032.0,0.0,0.0
2026-07-15 12:45:00,1232.0,1032.0,0.0,0.0
2026-07-15 13:00:00,1216.0,1024.0,0.0,0.0
2026-07-15 13:15:00,1216.0,1032.0,0.0,0.0
2026-07-15 13:30:00,1224.0,1024.0,0.0,0.0
2026-07-15 13:45:00,1224.0,1024.0,0.0,0.0
2026-07-15 14:00:00,1216.0,1032.0,0.0,0.0
2026-07-15 14:15:00,1216.0,1032.0,0.0,0.0
2026-07-15 14:30:00,1216.0,1032.0,0.0,0.0
2026-07-15 14:45:00,1216.0,1024.0,0.0,0.0
2026-07-15 15:00:00,1208.0,1024.0,0.0,0.0
2026-07-15 15:15:00,1216.0,1032.0,0.0,0.0
2026-07-15 15:30:00,1208.0,1032.0,0.0,0.0
2026-07-15 15:45:00,1216.0,1032.0,0.0,0.0
2026-07-15 16:00:00,1200.0,1032.0,0.0,0.0
2026-07-15 16:15:00,1192.0,1024.0,0.0,0.0
2026-07-15 16:30:00,1200.0,1024.0,0.0,0.0
2026-07-15 16:45:00,1184.0,1024.0,0.0,0.0
2026-07-15 17:00:00,1192.0,1032.0,0.0,0.0
2026-07-15 17:15:00,648.0,992.0,0.0,0.0
2026-07-15 17:30:00,656.0,992.0,0.0,0.0
2026-07-15 17:45:00,640.0,992.0,0.0,0.0
2026-07-15 18:00:00,648.0,992.0,0.0,0.0
2026-07-15 18:15:00,680.0,992.0,0.0,0.0
2026-07-15 18:30:00,656.0,992.0,0.0,0.0
2026-07-15 18:45:00,648.0,992.0,0.0,0.0
2026-07-15 19:00:00,664.0,992.0,0.0,0.0
2026-07-15 19:15:00,680.0,992.0,0.0,0.0
2026-07-15 19:30:00,672.0,992.0,0.0,0.0
2026-07-15 19:45:00,656.0,992.0,0.0,0.0
2026-07-15 20:00:00,664.0,1000.0,0.0,0.0
2026-07-15 20:15:00,1216.0,792.0,0.0,0.0
2026-07-15 20:30:00,1208.0,784.0,0.0,0.0
2026-07-15 20:45:00,1200.0,784.0,0.0,0.0
2026-07-15 21:00:00,1184.0,792.0,0.0,0.0
2026-07-15 21:15:00,1088.0,792.0,0.0,0.0
2026-07-15 21:30:00,120.0,16.0,0.0,0.0
2026-07-15 21:45:00,48.0,16.0,0.0,0.0
2026-07-15 22:00:00,40.0,16.0,0.0,0.0
2026-07-15 22:15:00,24.0,16.0,0.0,0.0
2026-07-15 22:30:00,24.0,16.0,0.0,0.0
2026-07-15 22:45:00,24.0,8.0,0.0,0.0
2026-07-15 23:00:00,24.0,8.0,0.0,0.0
2026-07-15 23:15:00,24.0,8.0,0.0,0.0
2026-07-15 23:30:00,24.0,8.0,0.0,0.0
2026-07-15 23:45:00,24.0,8.0,0.0,0.0
2026-07-16 00:00:00,32.0,8.0,0.0,0.0
2026-07-16 00:15:00,24.0,8.0,0.0,0.0
2026-07-16 00:30:00,24.0,8.0,0.0,0.0
2026-07-16 00:45:00,24.0,8.0,0.0,0.0
2026-07-16 01:00:00,16.0,8.0,0.0,0.0
2026-07-16 01:15:00,24.0,8.0,0.0,0.0
2026-07-16 01:30:00,24.0,8.0,0.0,0.0
2026-07-16 01:45:00,24.0,8.0,0.0,0.0
2026-07-16 02:00:00,24.0,8.0,0.0,0.0
2026-07-16 02:15:00,24.0,8.0,0.0,0.0
2026-07-16 02:30:00,16.0,8.0,0.0,0.0
2026-07-16 02:45:00,24.0,8.0,0.0,0.0
2026-07-16 03:00:00,24.0,8.0,0.0,0.0
2026-07-16 03:15:00,32.0,8.0,0.0,0.0
2026-07-16 03:30:00,24.0,8.0,0.0,0.0
2026-07-16 03:45:00,16.0,8.0,0.0,0.0
2026-07-16 04:00:00,24.0,8.0,0.0,0.0
2026-07-16 04:15:00,24.0,8.0,0.0,0.0
2026-07-16 04:30:00,16.0,8.0,0.0,0.0
2026-07-16 04:45:00,16.0,8.0,0.0,0.0
2026-07-16 05:00:00,24.0,8.0,0.0,0.0
2026-07-16 05:15:00,24.0,8.0,0.0,0.0
2026-07-16 05:30:00,24.0,8.0,0.0,0.0
2026-07-16 05:45:00,16.0,8.0,0.0,0.0
2026-07-16 06:00:00,24.0,8.0,0.0,0.0
2026-07-16 06:15:00,24.0,8.0,0.0,0.0
2026-07-16 06:30:00,16.0,8.0,0.0,0.0
2026-07-16 06:45:00,24.0,8.0,0.0,0.0
2026-07-16 07:00:00,16.0,8.0,0.0,0.0
2026-07-16 07:15:00,24.0,8.0,0.0,0.0
2026-07-16 07:30:00,24.0,8.0,0.0,0.0
2026-07-16 07:45:00,16.0,8.0,0.0,0.0
2026-07-16 08:00:00,232.0,488.0,0.0,0.0
2026-07-16 08:15:00,1152.0,784.0,0.0,0.0
2026-07-16 08:30:00,1160.0,776.0,0.0,0.0
2026-07-16 08:45:00,1168.0,784.0,0.0,0.0
2026-07-16 09:00:00,1072.0,776.0,0.0,0.0
2026-07-16 09:15:00,1192.0,784.0,0.0,0.0
2026-07-16 09:30:00,1208.0,784.0,0.0,0.0
2026-07-16 09:45:00,1224.0,784.0,0.0,0.0
2026-07-16 10:00:00,1280.0,784.0,0.0,0.0
2026-07-16 10:15:00,1264.0,1032.0,0.0,0.0
2026-07-16 10:30:00,1208.0,1032.0,0.0,0.0
2026-07-16 10:45:00,1200.0,1024.0,0.0,0.0
2026-07-16 11:00:00,1184.0,1032.0,0.0,0.0
2026-07-16 11:15:00,1208.0,1024.0,0.0,0.0
2026-07-16 11:30:00,1184.0,1024.0,0.0,0.0
2026-07-16 11:45:00,1200.0,1024.0,0.0,0.0
2026-07-16 12:00:00,1232.0,1024.0,0.0,0.0
2026-07-16 12:15:00,1240.0,1032.0,0.0,0.0
2026-07-16 12:30:00,1232.0,1024.0,0.0,0.0
2026-07-16 12:45:00,1216.0,1024.0,0.0,0.0
2026-07-16 13:00:00,1224.0,1024.0,0.0,0.0
2026-07-16 13:15:00,1216.0,1024.0,0.0,0.0
2026-07-16 13:30:00,1232.0,1024.0,0.0,0.0
2026-07-16 13:45:00,1208.0,1024.0,0.0,0.0
2026-07-16 14:00:00,1216.0,1032.0,0.0,0.0
2026-07-16 14:15:00,1208.0,1024.0,0.0,0.0
2026-07-16 14:30:00,1192.0,1024.0,0.0,0.0
2026-07-16 14:45:00,1200.0,1024.0,0.0,0.0
2026-07-16 15:00:00,1208.0,1024.0,0.0,0.0
2026-07-16 15:15:00,1192.0,1032.0,0.0,0.0
2026-07-16 15:30:00,1200.0,1024.0,0.0,0.0
2026-07-16 15:45:00,648.0,1000.0,0.0,0.0
2026-07-16 16:00:00,648.0,1000.0,0.0,0.0
2026-07-16 16:15:00,656.0,1000.0,0.0,0.0
2026-07-16 16:30:00,656.0,1000.0,0.0,0.0
2026-07-16 16:45:00,656.0,1000.0,0.0,0.0
2026-07-16 17:00:00,648.0,1000.0,0.0,0.0
2026-07-16 17:15:00,648.0,1000.0,0.0,0.0
2026-07-16 17:30:00,648.0,1000.0,0.0,0.0
2026-07-16 17:45:00,640.0,1000.0,0.0,0.0
2026-07-16 18:00:00,664.0,1000.0,0.0,0.0
2026-07-16 18:15:00,680.0,1000.0,0.0,0.0
2026-07-16 18:30:00,664.0,1000.0,0.0,0.0
2026-07-16 18:45:00,656.0,1000.0,0.0,0.0
2026-07-16 19:00:00,664.0,1000.0,0.0,0.0
2026-07-16 19:15:00,656.0,992.0,0.0,0.0
2026-07-16 19:30:00,664.0,1000.0,0.0,0.0
2026-07-16 19:45:00,672.0,1000.0,0.0,0.0
2026-07-16 20:00:00,648.0,1000.0,0.0,0.0
2026-07-16 20:15:00,656.0,1000.0,0.0,0.0
2026-07-16 20:30:00,672.0,992.0,0.0,0.0
2026-07-16 20:45:00,656.0,1000.0,0.0,0.0
2026-07-16 21:00:00,648.0,1000.0,0.0,0.0
2026-07-16 21:15:00,152.0,24.0,0.0,0.0
2026-07-16 21:30:00,120.0,16.0,0.0,0.0
2026-07-16 21:45:00,120.0,16.0,0.0,0.0
2026-07-16 22:00:00,104.0,16.0,0.0,0.0
2026-07-16 22:15:00,104.0,16.0,0.0,0.0
2026-07-16 22:30:00,32.0,8.0,0.0,0.0
2026-07-16 22:45:00,24.0,8.0,0.0,0.0
2026-07-16 23:00:00,24.0,8.0,0.0,0.0
2026-07-16 23:15:00,24.0,8.0,0.0,0.0
2026-07-16 23:30:00,16.0,8.0,0.0,0.0
2026-07-16 23:45:00,24.0,8.0,0.0,0.0
2026-07-17 00:00:00,24.0,8.0,0.0,0.0
2026-07-17 00:15:00,24.0,8.0,0.0,0.0
2026-07-17 00:30:00,24.0,8.0,0.0,0.0
2026-07-17 00:45:00,16.0,8.0,0.0,0.0
2026-07-17 01:00:00,24.0,8.0,0.0,0.0
2026-07-17 01:15:00,32.0,8.0,0.0,0.0
2026-07-17 01:30:00,24.0,8.0,0.0,0.0
2026-07-17 01:45:00,24.0,8.0,0.0,0.0
2026-07-17 02:00:00,16.0,8.0,0.0,0.0
2026-07-17 02:15:00,16.0,8.0,0.0,0.0
2026-07-17 02:30:00,24.0,8.0,0.0,0.0
2026-07-17 02:45:00,24.0,8.0,0.0,0.0
2026-07-17 03:00:00,24.0,8.0,0.0,0.0
2026-07-17 03:15:00,24.0,8.0,0.0,0.0
2026-07-17 03:30:00,16.0,8.0,0.0,0.0
2026-07-17 03:45:00,24.0,8.0,0.0,0.0
2026-07-17 04:00:00,24.0,8.0,0.0,0.0
2026-07-17 04:15:00,24.0,8.0,0.0,0.0
2026-07-17 04:30:00,24.0,8.0,0.0,0.0
2026-07-17 04:45:00,24.0,8.0,0.0,0.0
2026-07-17 05:00:00,24.0,8.0,0.0,0.0
2026-07-17 05:15:00,24.0,8.0,0.0,0.0
2026-07-17 05:30:00,16.0,8.0,0.0,0.0
2026-07-17 05:45:00,24.0,8.0,0.0,0.0
2026-07-17 06:00:00,16.0,8.0,0.0,0.0
2026-07-17 06:15:00,24.0,8.0,0.0,0.0
2026-07-17 06:30:00,24.0,8.0,0.0,0.0
2026-07-17 06:45:00,16.0,8.0,0.0,0.0
2026-07-17 07:00:00,24.0,8.0,0.0,0.0
2026-07-17 07:15:00,24.0,8.0,0.0,0.0
2026-07-17 07:30:00,16.0,8.0,0.0,0.0
2026-07-17 07:45:00,24.0,8.0,0.0,0.0
2026-07-17 08:00:00,48.0,8.0,0.0,0.0
2026-07-17 08:15:00,48.0,8.0,0.0,0.0
2026-07-17 08:30:00,520.0,784.0,0.0,0.0
2026-07-17 08:45:00,1176.0,792.0,0.0,0.0
2026-07-17 09:00:00,1200.0,792.0,0.0,0.0
2026-07-17 09:15:00,1200.0,1032.0,0.0,0.0
2026-07-17 09:30:00,1200.0,1024.0,0.0,0.0
2026-07-17 09:45:00,736.0,1024.0,0.0,0.0
2026-07-17 10:00:00,648.0,1000.0,0.0,0.0
2026-07-17 10:15:00,640.0,992.0,0.0,0.0
2026-07-17 10:30:00,640.0,1000.0,0.0,0.0
2026-07-17 10:45:00,648.0,1000.0,0.0,0.0
2026-07-17 11:00:00,640.0,992.0,0.0,0.0
2026-07-17 11:15:00,648.0,992.0,0.0,0.0
2026-07-17 11:30:00,656.0,1000.0,0.0,0.0
2026-07-17 11:45:00,648.0,1000.0,0.0,0.0
2026-07-17 12:00:00,648.0,1000.0,0.0,0.0
2026-07-17 12:15:00,656.0,1000.0,0.0,0.0
2026-07-17 12:30:00,648.0,992.0,0.0,0.0
2026-07-17 12:45:00,648.0,1000.0,0.0,0.0
2026-07-17 13:00:00,656.0,1000.0,0.0,0.0
2026-07-17 13:15:00,664.0,992.0,0.0,0.0
2026-07-17 13:30:00,656.0,992.0,0.0,0.0
2026-07-17 13:45:00,656.0,1000.0,0.0,0.0
2026-07-17 14:00:00,680.0,1000.0,0.0,0.0
2026-07-17 14:15:00,648.0,992.0,0.0,0.0
2026-07-17 14:30:00,648.0,1008.0,0.0,0.0
2026-07-17 14:45:00,1256.0,1032.0,0.0,0.0
2026-07-17 15:00:00,1248.0,1024.0,0.0,0.0
2026-07-17 15:15:00,1248.0,1032.0,0.0,0.0
2026-07-17 15:30:00,1224.0,1024.0,0.0,0.0
2026-07-17 15:45:00,1224.0,1024.0,0.0,0.0
2026-07-17 16:00:00,1224.0,1032.0,0.0,0.0
2026-07-17 16:15:00,1240.0,1024.0,0.0,0.0
2026-07-17 16:30:00,1216.0,1024.0,0.0,0.0
2026-07-17 16:45:00,1216.0,1032.0,0.0,0.0
2026-07-17 17:00:00,656.0,1000.0,0.0,0.0
2026-07-17 17:15:00,648.0,1000.0,0.0,0.0
2026-07-17 17:30:00,640.0,1000.0,0.0,0.0
2026-07-17 17:45:00,664.0,992.0,0.0,0.0
2026-07-17 18:00:00,656.0,1000.0,0.0,0.0
2026-07-17 18:15:00,656.0,1000.0,0.0,0.0
2026-07-17 18:30:00,640.0,1000.0,0.0,0.0
2026-07-17 18:45:00,656.0,1000.0,0.0,0.0
2026-07-17 19:00:00,640.0,1000.0,0.0,0.0
2026-07-17 19:15:00,640.0,992.0,0.0,0.0
2026-07-17 19:30:00,640.0,992.0,0.0,0.0
2026-07-17 19:45:00,664.0,1000.0,0.0,0.0
2026-07-17 20:00:00,664.0,1000.0,0.0,0.0
2026-07-17 20:15:00,656.0,1000.0,0.0,0.0
2026-07-17 20:30:00,656.0,1000.0,0.0,0.0
2026-07-17 20:45:00,648.0,1000.0,0.0,0.0
2026-07-17 21:00:00,648.0,1000.0,0.0,0.0
2026-07-17 21:15:00,560.0,768.0,0.0,0.0
2026-07-17 21:30:00,112.0,16.0,0.0,0.0
2026-07-17 21:45:00,112.0,16.0,0.0,0.0
2026-07-17 22:00:00,32.0,16.0,0.0,0.0
2026-07-17 22:15:00,24.0,16.0,0.0,0.0
2026-07-17 22:30:00,24.0,16.0,0.0,0.0
2026-07-17 22:45:00,24.0,8.0,0.0,0.0
2026-07-17 23:00:00,24.0,8.0,0.0,0.0
2026-07-17 23:15:00,24.0,8.0,0.0,0.0
2026-07-17 23:30:00,24.0,8.0,0.0,0.0
2026-07-17 23:45:00,24.0,8.0,0.0,0.0
2026-07-18 00:00:00,24.0,8.0,0.0,0.0
2026-07-18 00:15:00,24.0,8.0,0.0,0.0
2026-07-18 00:30:00,24.0,8.0,0.0,0.0
2026-07-18 00:45:00,24.0,8.0,0.0,0.0
2026-07-18 01:00:00,24.0,8.0,0.0,0.0
2026-07-18 01:15:00,24.0,8.0,0.0,0.0
2026-07-18 01:30:00,24.0,8.0,0.0,0.0
2026-07-18 01:45:00,24.0,8.0,0.0,0.0
2026-07-18 02:00:00,24.0,8.0,0.0,0.0
2026-07-18 02:15:00,16.0,8.0,0.0,0.0
2026-07-18 02:30:00,16.0,8.0,0.0,0.0
2026-07-18 02:45:00,24.0,8.0,0.0,0.0
2026-07-18 03:00:00,24.0,8.0,0.0,0.0
2026-07-18 03:15:00,24.0,8.0,0.0,0.0
2026-07-18 03:30:00,24.0,8.0,0.0,0.0
2026-07-18 03:45:00,24.0,8.0,0.0,0.0
2026-07-18 04:00:00,24.0,8.0,0.0,0.0
2026-07-18 04:15:00,24.0,8.0,0.0,0.0
2026-07-18 04:30:00,16.0,8.0,0.0,0.0
2026-07-18 04:45:00,24.0,8.0,0.0,0.0
2026-07-18 05:00:00,24.0,8.0,0.0,0.0
2026-07-18 05:15:00,24.0,8.0,0.0,0.0
2026-07-18 05:30:00,24.0,8.0,0.0,0.0
2026-07-18 05:45:00,24.0,8.0,0.0,0.0
2026-07-18 06:00:00,24.0,8.0,0.0,0.0
2026-07-18 06:15:00,24.0,8.0,0.0,0.0
2026-07-18 06:30:00,16.0,8.0,0.0,0.0
2026-07-18 06:45:00,24.0,8.0,0.0,0.0
2026-07-18 07:00:00,16.0,8.0,0.0,0.0
2026-07-18 07:15:00,24.0,8.0,0.0,0.0
2026-07-18 07:30:00,24.0,8.0,0.0,0.0
2026-07-18 07:45:00,24.0,8.0,0.0,0.0
2026-07-18 08:00:00,24.0,8.0,0.0,0.0
2026-07-18 08:15:00,24.0,16.0,0.0,0.0
2026-07-18 08:30:00,40.0,16.0,0.0,0.0
2026-07-18 08:45:00,984.0,784.0,0.0,0.0
2026-07-18 09:00:00,1088.0,784.0,0.0,0.0
2026-07-18 09:15:00,1104.0,784.0,0.0,0.0
2026-07-18 09:30:00,1096.0,784.0,0.0,0.0
2026-07-18 09:45:00,1104.0,776.0,0.0,0.0
2026-07-18 10:00:00,1152.0,712.0,0.0,0.0
2026-07-18 10:15:00,1184.0,952.0,0.0,0.0
2026-07-18 10:30:00,1232.0,1032.0,0.0,0.0
2026-07-18 10:45:00,1224.0,712.0,0.0,0.0
2026-07-18 11:00:00,1224.0,712.0,0.0,0.0
2026-07-18 11:15:00,1240.0,712.0,0.0,0.0
2026-07-18 11:30:00,1240.0,712.0,0.0,0.0
2026-07-18 11:45:00,1256.0,720.0,0.0,0.0
2026-07-18 12:00:00,1256.0,720.0,0.0,0.0
2026-07-18 12:15:00,1248.0,720.0,0.0,0.0
2026-07-18 12:30:00,1248.0,712.0,0.0,0.0
2026-07-18 12:45:00,1256.0,720.0,0.0,0.0
2026-07-18 13:00:00,1248.0,720.0,0.0,0.0
2026-07-18 13:15:00,1256.0,712.0,0.0,0.0
2026-07-18 13:30:00,1256.0,720.0,0.0,0.0
2026-07-18 13:45:00,1264.0,720.0,0.0,0.0
2026-07-18 14:00:00,1256.0,720.0,0.0,0.0
2026-07-18 14:15:00,1264.0,720.0,0.0,0.0
2026-07-18 14:30:00,1264.0,712.0,0.0,0.0
2026-07-18 14:45:00,1232.0,712.0,0.0,0.0
2026-07-18 15:00:00,1232.0,720.0,0.0,0.0
2026-07-18 15:15:00,1168.0,792.0,0.0,0.0
2026-07-18 15:30:00,1176.0,784.0,0.0,0.0
2026-07-18 15:45:00,1272.0,784.0,0.0,0.0
2026-07-18 16:00:00,1264.0,784.0,0.0,0.0
2026-07-18 16:15:00,1240.0,1040.0,0.0,0.0
2026-07-18 16:30:00,1240.0,1032.0,0.0,0.0
2026-07-18 16:45:00,1256.0,792.0,0.0,0.0
2026-07-18 17:00:00,1264.0,792.0,0.0,0.0
2026-07-18 17:15:00,1264.0,792.0,0.0,0.0
2026-07-18 17:30:00,1264.0,792.0,0.0,0.0
2026-07-18 17:45:00,1264.0,792.0,0.0,0.0
2026-07-18 18:00:00,1288.0,792.0,0.0,0.0
2026-07-18 18:15:00,1272.0,784.0,0.0,0.0
2026-07-18 18:30:00,1248.0,784.0,0.0,0.0
2026-07-18 18:45:00,1272.0,784.0,0.0,0.0
2026-07-18 19:00:00,1256.0,784.0,0.0,0.0
2026-07-18 19:15:00,1272.0,784.0,0.0,0.0
2026-07-18 19:30:00,1264.0,784.0,0.0,0.0
2026-07-18 19:45:00,1280.0,784.0,0.0,0.0
2026-07-18 20:00:00,1256.0,792.0,0.0,0.0
2026-07-18 20:15:00,1200.0,784.0,0.0,0.0
2026-07-18 20:30:00,1176.0,784.0,0.0,0.0
2026-07-18 20:45:00,560.0,792.0,0.0,0.0
2026-07-18 21:00:00,544.0,680.0,0.0,0.0
2026-07-18 21:15:00,536.0,680.0,0.0,0.0
2026-07-18 21:30:00,184.0,16.0,0.0,0.0
2026-07-18 21:45:00,72.0,8.0,0.0,0.0
2026-07-18 22:00:00,24.0,16.0,0.0,0.0
2026-07-18 22:15:00,32.0,16.0,0.0,0.0
2026-07-18 22:30:00,24.0,8.0,0.0,0.0
2026-07-18 22:45:00,24.0,8.0,0.0,0.0
2026-07-18 23:00:00,24.0,8.0,0.0,0.0
2026-07-18 23:15:00,24.0,8.0,0.0,0.0
2026-07-18 23:30:00,24.0,8.0,0.0,0.0
2026-07-18 23:45:00,24.0,8.0,0.0,0.0
2026-07-19 00:00:00,24.0,8.0,0.0,0.0
2026-07-19 00:15:00,24.0,8.0,0.0,0.0
2026-07-19 00:30:00,24.0,8.0,0.0,0.0
2026-07-19 00:45:00,24.0,8.0,0.0,0.0
2026-07-19 01:00:00,24.0,8.0,0.0,0.0
2026-07-19 01:15:00,16.0,8.0,0.0,0.0
2026-07-19 01:30:00,24.0,8.0,0.0,0.0
2026-07-19 01:45:00,24.0,8.0,0.0,0.0
2026-07-19 02:00:00,24.0,8.0,0.0,0.0
2026-07-19 02:15:00,24.0,8.0,0.0,0.0
2026-07-19 02:30:00,24.0,8.0,0.0,0.0
2026-07-19 02:45:00,24.0,8.0,0.0,0.0
2026-07-19 03:00:00,24.0,8.0,0.0,0.0
2026-07-19 03:15:00,24.0,8.0,0.0,0.0
2026-07-19 03:30:00,24.0,8.0,0.0,0.0
2026-07-19 03:45:00,16.0,8.0,0.0,0.0
2026-07-19 04:00:00,24.0,8.0,0.0,0.0
2026-07-19 04:15:00,24.0,8.0,0.0,0.0
2026-07-19 04:30:00,24.0,8.0,0.0,0.0
2026-07-19 04:45:00,16.0,8.0,0.0,0.0
2026-07-19 05:00:00,24.0,8.0,0.0,0.0
2026-07-19 05:15:00,24.0,8.0,0.0,0.0
2026-07-19 05:30:00,24.0,8.0,0.0,0.0
2026-07-19 05:45:00,24.0,8.0,0.0,0.0
2026-07-19 06:00:00,16.0,8.0,0.0,0.0
2026-07-19 06:15:00,24.0,8.0,0.0,0.0
2026-07-19 06:30:00,24.0,8.0,0.0,0.0
2026-07-19 06:45:00,16.0,8.0,0.0,0.0
2026-07-19 07:00:00,32.0,8.0,0.0,0.0
2026-07-19 07:15:00,24.0,8.0,0.0,0.0
2026-07-19 07:30:00,24.0,8.0,0.0,0.0
2026-07-19 07:45:00,24.0,8.0,0.0,0.0
2026-07-19 08:00:00,24.0,8.0,0.0,0.0
2026-07-19 08:15:00,32.0,16.0,0.0,0.0
2026-07-19 08:30:00,48.0,16.0,0.0,0.0
2026-07-19 08:45:00,680.0,712.0,0.0,0.0
2026-07-19 09:00:00,1088.0,704.0,0.0,0.0
2026-07-19 09:15:00,1152.0,712.0,0.0,0.0
2026-07-19 09:30:00,1176.0,760.0,0.0,0.0
2026-07-19 09:45:00,1216.0,784.0,0.0,0.0
2026-07-19 10:00:00,1208.0,784.0,0.0,0.0
2026-07-19 10:15:00,1232.0,784.0,0.0,0.0
2026-07-19 10:30:00,1224.0,784.0,0.0,0.0
2026-07-19 10:45:00,1208.0,784.0,0.0,0.0
2026-07-19 11:00:00,1216.0,784.0,0.0,0.0
2026-07-19 11:15:00,1232.0,776.0,0.0,0.0
2026-07-19 11:30:00,1240.0,784.0,0.0,0.0
2026-07-19 11:45:00,1232.0,776.0,0.0,0.0
2026-07-19 12:00:00,1248.0,776.0,0.0,0.0
2026-07-19 12:15:00,1224.0,784.0,0.0,0.0
2026-07-19 12:30:00,1240.0,784.0,0.0,0.0
2026-07-19 12:45:00,1224.0,784.0,0.0,0.0
2026-07-19 13:00:00,1248.0,784.0,0.0,0.0
2026-07-19 13:15:00,1224.0,784.0,0.0,0.0
2026-07-19 13:30:00,1232.0,784.0,0.0,0.0
2026-07-19 13:45:00,1240.0,784.0,0.0,0.0
2026-07-19 14:00:00,1248.0,784.0,0.0,0.0
2026-07-19 14:15:00,1240.0,784.0,0.0,0.0
2026-07-19 14:30:00,1240.0,784.0,0.0,0.0
2026-07-19 14:45:00,1248.0,784.0,0.0,0.0
2026-07-19 15:00:00,1240.0,784.0,0.0,0.0
2026-07-19 15:15:00,1256.0,784.0,0.0,0.0
2026-07-19 15:30:00,1248.0,784.0,0.0,0.0
2026-07-19 15:45:00,1240.0,784.0,0.0,0.0
2026-07-19 16:00:00,1240.0,784.0,0.0,0.0
2026-07-19 16:15:00,1224.0,784.0,0.0,0.0
2026-07-19 16:30:00,1224.0,784.0,0.0,0.0
2026-07-19 16:45:00,1240.0,784.0,0.0,0.0
2026-07-19 17:00:00,1232.0,784.0,0.0,0.0
2026-07-19 17:15:00,1240.0,784.0,0.0,0.0
2026-07-19 17:30:00,1240.0,784.0,0.0,0.0
2026-07-19 17:45:00,1248.0,784.0,0.0,0.0
2026-07-19 18:00:00,1256.0,784.0,0.0,0.0
2026-07-19 18:15:00,1232.0,784.0,0.0,0.0
2026-07-19 18:30:00,1232.0,784.0,0.0,0.0
2026-07-19 18:45:00,1248.0,784.0,0.0,0.0
2026-07-19 19:00:00,1240.0,784.0,0.0,0.0
2026-07-19 19:15:00,1216.0,784.0,0.0,0.0
2026-07-19 19:30:00,1232.0,784.0,0.0,0.0
2026-07-19 19:45:00,1240.0,784.0,0.0,0.0
2026-07-19 20:00:00,1248.0,784.0,0.0,0.0
2026-07-19 20:15:00,1232.0,784.0,0.0,0.0
2026-07-19 20:30:00,560.0,680.0,0.0,0.0
2026-07-19 20:45:00,544.0,680.0,0.0,0.0
2026-07-19 21:00:00,552.0,680.0,0.0,0.0
2026-07-19 21:15:00,528.0,680.0,0.0,0.0
2026-07-19 21:30:00,184.0,16.0,0.0,0.0
2026-07-19 21:45:00,72.0,8.0,0.0,0.0
2026-07-19 22:00:00,32.0,8.0,0.0,0.0
2026-07-19 22:15:00,24.0,8.0,0.0,0.0
2026-07-19 22:30:00,24.0,8.0,0.0,0.0
2026-07-19 22:45:00,24.0,8.0,0.0,0.0
2026-07-19 23:00:00,24.0,8.0,0.0,0.0
2026-07-19 23:15:00,24.0,8.0,0.0,0.0
2026-07-19 23:30:00,16.0,8.0,0.0,0.0
2026-07-19 23:45:00,24.0,8.0,0.0,0.0
2026-07-20 00:00:00,24.0,8.0,0.0,0.0
2026-07-20 00:15:00,24.0,8.0,0.0,0.0
2026-07-20 00:30:00,16.0,8.0,0.0,0.0
2026-07-20 00:45:00,16.0,8.0,0.0,0.0
2026-07-20 01:00:00,24.0,8.0,0.0,0.0
2026-07-20 01:15:00,32.0,8.0,0.0,0.0
2026-07-20 01:30:00,16.0,8.0,0.0,0.0
2026-07-20 01:45:00,16.0,8.0,0.0,0.0
2026-07-20 02:00:00,24.0,8.0,0.0,0.0
2026-07-20 02:15:00,24.0,8.0,0.0,0.0
2026-07-20 02:30:00,24.0,8.0,0.0,0.0
2026-07-20 02:45:00,16.0,8.0,0.0,0.0
2026-07-20 03:00:00,24.0,8.0,0.0,0.0
2026-07-20 03:15:00,24.0,8.0,0.0,0.0
2026-07-20 03:30:00,24.0,8.0,0.0,0.0
2026-07-20 03:45:00,16.0,8.0,0.0,0.0
2026-07-20 04:00:00,24.0,8.0,0.0,0.0
2026-07-20 04:15:00,24.0,8.0,0.0,0.0
2026-07-20 04:30:00,24.0,8.0,0.0,0.0
2026-07-20 04:45:00,24.0,8.0,0.0,0.0
2026-07-20 05:00:00,24.0,8.0,0.0,0.0
2026-07-20 05:15:00,24.0,8.0,0.0,0.0
2026-07-20 05:30:00,16.0,8.0,0.0,0.0
2026-07-20 05:45:00,24.0,8.0,0.0,0.0
2026-07-20 06:00:00,32.0,8.0,0.0,0.0
2026-07-20 06:15:00,16.0,8.0,0.0,0.0
2026-07-20 06:30:00,16.0,8.0,0.0,0.0
2026-07-20 06:45:00,24.0,8.0,0.0,0.0
2026-07-20 07:00:00,24.0,8.0,0.0,0.0
2026-07-20 07:15:00,24.0,8.0,0.0,0.0
2026-07-20 07:30:00,16.0,8.0,0.0,0.0
2026-07-20 07:45:00,16.0,8.0,0.0,0.0
2026-07-20 08:00:00,56.0,16.0,0.0,0.0
2026-07-20 08:15:00,1032.0,704.0,0.0,0.0
2026-07-20 08:30:00,1104.0,776.0,0.0,0.0
2026-07-20 08:45:00,1104.0,776.0,0.0,0.0
2026-07-20 09:00:00,1064.0,776.0,0.0,0.0
2026-07-20 09:15:00,1048.0,776.0,0.0,0.0
2026-07-20 09:30:00,1064.0,776.0,0.0,0.0
2026-07-20 09:45:00,1144.0,776.0,0.0,0.0
2026-07-20 10:00:00,1152.0,776.0,0.0,0.0
2026-07-20 10:15:00,1168.0,776.0,0.0,0.0
2026-07-20 10:30:00,1176.0,776.0,0.0,0.0
2026-07-20 10:45:00,1176.0,776.0,0.0,0.0
2026-07-20 11:00:00,1168.0,776.0,0.0,0.0
2026-07-20 11:15:00,1168.0,776.0,0.0,0.0
2026-07-20 11:30:00,1184.0,776.0,0.0,0.0
2026-07-20 11:45:00,1184.0,776.0,0.0,0.0
2026-07-20 12:00:00,1176.0,776.0,0.0,0.0
2026-07-20 12:15:00,1168.0,784.0,0.0,0.0
2026-07-20 12:30:00,1160.0,776.0,0.0,0.0
2026-07-20 12:45:00,1176.0,784.0,0.0,0.0
2026-07-20 13:00:00,1176.0,784.0,0.0,0.0
2026-07-20 13:15:00,1176.0,784.0,0.0,0.0
2026-07-20 13:30:00,1168.0,784.0,0.0,0.0
2026-07-20 13:45:00,1168.0,784.0,0.0,0.0
2026-07-20 14:00:00,1160.0,784.0,0.0,0.0
2026-07-20 14:15:00,1168.0,784.0,0.0,0.0
2026-07-20 14:30:00,648.0,784.0,0.0,0.0
2026-07-20 14:45:00,496.0,680.0,0.0,0.0
2026-07-20 15:00:00,496.0,680.0,0.0,0.0
2026-07-20 15:15:00,496.0,680.0,0.0,0.0
2026-07-20 15:30:00,488.0,680.0,0.0,0.0
2026-07-20 15:45:00,496.0,680.0,0.0,0.0
2026-07-20 16:00:00,480.0,680.0,0.0,0.0
2026-07-20 16:15:00,488.0,672.0,0.0,0.0
2026-07-20 16:30:00,480.0,680.0,0.0,0.0
2026-07-20 16:45:00,488.0,680.0,0.0,0.0
2026-07-20 17:00:00,496.0,680.0,0.0,0.0
2026-07-20 17:15:00,488.0,672.0,0.0,0.0
2026-07-20 17:30:00,504.0,680.0,0.0,0.0
2026-07-20 17:45:00,520.0,680.0,0.0,0.0
2026-07-20 18:00:00,520.0,680.0,0.0,0.0
2026-07-20 18:15:00,520.0,672.0,0.0,0.0
2026-07-20 18:30:00,488.0,672.0,0.0,0.0
2026-07-20 18:45:00,504.0,680.0,0.0,0.0
2026-07-20 19:00:00,496.0,680.0,0.0,0.0
2026-07-20 19:15:00,504.0,680.0,0.0,0.0
2026-07-20 19:30:00,496.0,672.0,0.0,0.0
2026-07-20 19:45:00,504.0,672.0,0.0,0.0
2026-07-20 20:00:00,504.0,680.0,0.0,0.0
2026-07-20 20:15:00,520.0,680.0,0.0,0.0
2026-07-20 20:30:00,488.0,680.0,0.0,0.0
2026-07-20 20:45:00,496.0,672.0,0.0,0.0
2026-07-20 21:00:00,488.0,680.0,0.0,0.0
2026-07-20 21:15:00,480.0,672.0,0.0,0.0
2026-07-20 21:30:00,112.0,16.0,0.0,0.0
2026-07-20 21:45:00,40.0,16.0,0.0,0.0
2026-07-20 22:00:00,32.0,8.0,0.0,0.0
2026-07-20 22:15:00,32.0,8.0,0.0,0.0
2026-07-20 22:30:00,24.0,8.0,0.0,0.0
2026-07-20 22:45:00,24.0,8.0,0.0,0.0
2026-07-20 23:00:00,24.0,8.0,0.0,0.0
2026-07-20 23:15:00,24.0,8.0,0.0,0.0
2026-07-20 23:30:00,16.0,8.0,0.0,0.0
2026-07-20 23:45:00,24.0,8.0,0.0,0.0
2026-07-21 00:00:00,32.0,8.0,0.0,0.0
2026-07-21 00:15:00,24.0,8.0,0.0,0.0
2026-07-21 00:30:00,24.0,8.0,0.0,0.0
2026-07-21 00:45:00,24.0,8.0,0.0,0.0
2026-07-21 01:00:00,24.0,8.0,0.0,0.0
2026-07-21 01:15:00,24.0,8.0,0.0,0.0
2026-07-21 01:30:00,16.0,8.0,0.0,0.0
2026-07-21 01:45:00,16.0,8.0,0.0,0.0
2026-07-21 02:00:00,32.0,8.0,0.0,0.0
2026-07-21 02:15:00,24.0,8.0,0.0,0.0
2026-07-21 02:30:00,24.0,8.0,0.0,0.0
2026-07-21 02:45:00,24.0,8.0,0.0,0.0
2026-07-21 03:00:00,24.0,8.0,0.0,0.0
2026-07-21 03:15:00,24.0,8.0,0.0,0.0
2026-07-21 03:30:00,24.0,8.0,0.0,0.0
2026-07-21 03:45:00,16.0,8.0,0.0,0.0
2026-07-21 04:00:00,24.0,8.0,0.0,0.0
2026-07-21 04:15:00,16.0,8.0,0.0,0.0
2026-07-21 04:30:00,24.0,8.0,0.0,0.0
2026-07-21 04:45:00,24.0,8.0,0.0,0.0
2026-07-21 05:00:00,24.0,8.0,0.0,0.0
2026-07-21 05:15:00,24.0,8.0,0.0,0.0
2026-07-21 05:30:00,24.0,8.0,0.0,0.0
2026-07-21 05:45:00,24.0,8.0,0.0,0.0
2026-07-21 06:00:00,24.0,8.0,0.0,0.0
2026-07-21 06:15:00,16.0,8.0,0.0,0.0
2026-07-21 06:30:00,24.0,8.0,0.0,0.0
2026-07-21 06:45:00,24.0,8.0,0.0,0.0
2026-07-21 07:00:00,24.0,8.0,0.0,0.0
2026-07-21 07:15:00,24.0,8.0,0.0,0.0
2026-07-21 07:30:00,24.0,8.0,0.0,0.0
2026-07-21 07:45:00,16.0,8.0,0.0,0.0
2026-07-21 08:00:00,24.0,8.0,0.0,0.0
2026-07-21 08:15:00,24.0,16.0,0.0,0.0
2026-07-21 08:30:00,472.0,704.0,0.0,0.0
2026-07-21 08:45:00,1072.0,712.0,0.0,0.0
2026-07-21 09:00:00,1056.0,712.0,0.0,0.0
2026-07-21 09:15:00,1024.0,784.0,0.0,0.0
2026-07-21 09:30:00,992.0,792.0,0.0,0.0
2026-07-21 09:45:00,968.0,784.0,0.0,0.0
2026-07-21 10:00:00,968.0,792.0,0.0,0.0
2026-07-21 10:15:00,976.0,792.0,0.0,0.0
2026-07-21 10:30:00,1000.0,792.0,0.0,0.0
2026-07-21 10:45:00,1008.0,704.0,0.0,0.0
2026-07-21 11:00:00,1008.0,712.0,0.0,0.0
2026-07-21 11:15:00,1024.0,712.0,0.0,0.0
2026-07-21 11:30:00,1144.0,712.0,0.0,0.0
2026-07-21 11:45:00,1160.0,712.0,0.0,0.0
2026-07-21 12:00:00,1160.0,712.0,0.0,0.0
2026-07-21 12:15:00,1160.0,712.0,0.0,0.0
2026-07-21 12:30:00,1224.0,712.0,0.0,0.0
2026-07-21 12:45:00,1224.0,712.0,0.0,0.0
2026-07-21 13:00:00,1224.0,712.0,0.0,0.0
2026-07-21 13:15:00,1232.0,712.0,0.0,0.0
2026-07-21 13:30:00,1208.0,712.0,0.0,0.0
2026-07-21 13:45:00,1216.0,712.0,0.0,0.0
2026-07-21 14:00:00,1224.0,712.0,0.0,0.0
2026-07-21 14:15:00,1232.0,712.0,0.0,0.0
2026-07-21 14:30:00,1240.0,712.0,0.0,0.0
2026-07-21 14:45:00,1224.0,712.0,0.0,0.0
2026-07-21 15:00:00,1224.0,712.0,0.0,0.0
2026-07-21 15:15:00,1216.0,712.0,0.0,0.0
2026-07-21 15:30:00,1224.0,712.0,0.0,0.0
2026-07-21 15:45:00,1224.0,712.0,0.0,0.0
2026-07-21 16:00:00,1208.0,712.0,0.0,0.0
2026-07-21 16:15:00,1216.0,712.0,0.0,0.0
2026-07-21 16:30:00,1208.0,712.0,0.0,0.0
2026-07-21 16:45:00,1224.0,712.0,0.0,0.0
2026-07-21 17:00:00,1208.0,712.0,0.0,0.0
2026-07-21 17:15:00,1224.0,712.0,0.0,0.0
2026-07-21 17:30:00,1208.0,712.0,0.0,0.0
2026-07-21 17:45:00,1216.0,712.0,0.0,0.0
2026-07-21 18:00:00,1240.0,712.0,0.0,0.0
2026-07-21 18:15:00,1240.0,712.0,0.0,0.0
2026-07-21 18:30:00,1232.0,712.0,0.0,0.0
2026-07-21 18:45:00,1232.0,712.0,0.0,0.0
2026-07-21 19:00:00,1232.0,712.0,0.0,0.0
2026-07-21 19:15:00,1240.0,712.0,0.0,0.0
2026-07-21 19:30:00,1232.0,712.0,0.0,0.0
2026-07-21 19:45:00,1248.0,712.0,0.0,0.0
2026-07-21 20:00:00,1224.0,712.0,0.0,0.0
2026-07-21 20:15:00,616.0,680.0,0.0,0.0
2026-07-21 20:30:00,616.0,680.0,0.0,0.0
2026-07-21 20:45:00,600.0,680.0,0.0,0.0
2026-07-21 21:00:00,584.0,680.0,0.0,0.0
2026-07-21 21:15:00,112.0,16.0,0.0,0.0
2026-07-21 21:30:00,88.0,16.0,0.0,0.0
2026-07-21 21:45:00,88.0,16.0,0.0,0.0
2026-07-21 22:00:00,64.0,8.0,0.0,0.0
2026-07-21 22:15:00,24.0,16.0,0.0,0.0
2026-07-21 22:30:00,24.0,8.0,0.0,0.0
2026-07-21 22:45:00,24.0,8.0,0.0,0.0
2026-07-21 23:00:00,24.0,8.0,0.0,0.0
2026-07-21 23:15:00,16.0,8.0,0.0,0.0
2026-07-21 23:30:00,24.0,8.0,0.0,0.0
2026-07-21 23:45:00,24.0,8.0,0.0,0.0
2026-07-22 00:00:00,24.0,8.0,0.0,0.0
2026-07-22 00:15:00,24.0,8.0,0.0,0.0
2026-07-22 00:30:00,24.0,8.0,0.0,0.0
2026-07-22 00:45:00,16.0,8.0,0.0,0.0
2026-07-22 01:00:00,24.0,8.0,0.0,0.0
2026-07-22 01:15:00,24.0,8.0,0.0,0.0
2026-07-22 01:30:00,16.0,8.0,0.0,0.0
2026-07-22 01:45:00,24.0,8.0,0.0,0.0
2026-07-22 02:00:00,24.0,8.0,0.0,0.0
2026-07-22 02:15:00,24.0,8.0,0.0,0.0
2026-07-22 02:30:00,24.0,8.0,0.0,0.0
2026-07-22 02:45:00,16.0,8.0,0.0,0.0
2026-07-22 03:00:00,24.0,8.0,0.0,0.0
2026-07-22 03:15:00,24.0,8.0,0.0,0.0
2026-07-22 03:30:00,16.0,8.0,0.0,0.0
2026-07-22 03:45:00,24.0,8.0,0.0,0.0
2026-07-22 04:00:00,24.0,8.0,0.0,0.0
2026-07-22 04:15:00,16.0,8.0,0.0,0.0
2026-07-22 04:30:00,24.0,8.0,0.0,0.0
2026-07-22 04:45:00,24.0,8.0,0.0,0.0
2026-07-22 05:00:00,32.0,8.0,0.0,0.0
2026-07-22 05:15:00,16.0,8.0,0.0,0.0
2026-07-22 05:30:00,16.0,0.0,0.0,0.0
2026-07-22 05:45:00,32.0,8.0,0.0,0.0
2026-07-22 06:00:00,24.0,8.0,0.0,0.0
2026-07-22 06:15:00,16.0,8.0,0.0,0.0
2026-07-22 06:30:00,16.0,8.0,0.0,0.0
2026-07-22 06:45:00,24.0,8.0,0.0,0.0
2026-07-22 07:00:00,24.0,8.0,0.0,0.0
2026-07-22 07:15:00,24.0,8.0,0.0,0.0
2026-07-22 07:30:00,16.0,8.0,0.0,0.0
2026-07-22 07:45:00,24.0,8.0,0.0,0.0
2026-07-22 08:00:00,24.0,8.0,0.0,0.0
2026-07-22 08:15:00,16.0,176.0,0.0,0.0
2026-07-22 08:30:00,1128.0,712.0,0.0,0.0
2026-07-22 08:45:00,1184.0,712.0,0.0,0.0
2026-07-22 09:00:00,1200.0,712.0,0.0,0.0
2026-07-22 09:15:00,1192.0,712.0,0.0,0.0
2026-07-22 09:30:00,1208.0,712.0,0.0,0.0
2026-07-22 09:45:00,1208.0,704.0,0.0,0.0
2026-07-22 10:00:00,1216.0,712.0,0.0,0.0
2026-07-22 10:15:00,1216.0,712.0,0.0,0.0
2026-07-22 10:30:00,1224.0,704.0,0.0,0.0
2026-07-22 10:45:00,1224.0,712.0,0.0,0.0
2026-07-22 11:00:00,1216.0,704.0,0.0,0.0
2026-07-22 11:15:00,1232.0,712.0,0.0,0.0
2026-07-22 11:30:00,1232.0,712.0,0.0,0.0
2026-07-22 11:45:00,1248.0,712.0,0.0,0.0
2026-07-22 12:00:00,1224.0,712.0,0.0,0.0
2026-07-22 12:15:00,1232.0,712.0,0.0,0.0
2026-07-22 12:30:00,1248.0,712.0,0.0,0.0
2026-07-22 12:45:00,1240.0,712.0,0.0,0.0
2026-07-22 13:00:00,1248.0,712.0,0.0,0.0
2026-07-22 13:15:00,1256.0,704.0,0.0,0.0
2026-07-22 13:30:00,1240.0,712.0,0.0,0.0
2026-07-22 13:45:00,1232.0,712.0,0.0,0.0
2026-07-22 14:00:00,1232.0,712.0,0.0,0.0
2026-07-22 14:15:00,1208.0,712.0,0.0,0.0
2026-07-22 14:30:00,1216.0,712.0,0.0,0.0
2026-07-22 14:45:00,656.0,648.0,0.0,0.0
2026-07-22 15:00:00,576.0,680.0,0.0,0.0
2026-07-22 15:15:00,552.0,680.0,0.0,0.0
2026-07-22 15:30:00,544.0,680.0,0.0,0.0
2026-07-22 15:45:00,552.0,680.0,0.0,0.0
2026-07-22 16:00:00,552.0,680.0,0.0,0.0
2026-07-22 16:15:00,560.0,680.0,0.0,0.0
2026-07-22 16:30:00,560.0,672.0,0.0,0.0
2026-07-22 16:45:00,544.0,680.0,0.0,0.0
2026-07-22 17:00:00,544.0,680.0,0.0,0.0
2026-07-22 17:15:00,552.0,680.0,0.0,0.0
2026-07-22 17:30:00,552.0,680.0,0.0,0.0
2026-07-22 17:45:00,552.0,680.0,0.0,0.0
2026-07-22 18:00:00,560.0,680.0,0.0,0.0
2026-07-22 18:15:00,576.0,680.0,0.0,0.0
2026-07-22 18:30:00,552.0,680.0,0.0,0.0
2026-07-22 18:45:00,560.0,680.0,0.0,0.0
2026-07-22 19:00:00,560.0,680.0,0.0,0.0
2026-07-22 19:15:00,560.0,680.0,0.0,0.0
2026-07-22 19:30:00,576.0,680.0,0.0,0.0
2026-07-22 19:45:00,560.0,680.0,0.0,0.0
2026-07-22 20:00:00,560.0,680.0,0.0,0.0
2026-07-22 20:15:00,552.0,672.0,0.0,0.0
2026-07-22 20:30:00,552.0,680.0,0.0,0.0
2026-07-22 20:45:00,544.0,680.0,0.0,0.0
2026-07-22 21:00:00,536.0,680.0,0.0,0.0
2026-07-22 21:15:00,120.0,8.0,0.0,0.0
2026-07-22 21:30:00,88.0,8.0,0.0,0.0
2026-07-22 21:45:00,80.0,8.0,0.0,0.0
2026-07-22 22:00:00,72.0,16.0,0.0,0.0
2026-07-22 22:15:00,72.0,8.0,0.0,0.0
2026-07-22 22:30:00,24.0,8.0,0.0,0.0
2026-07-22 22:45:00,24.0,8.0,0.0,0.0
2026-07-22 23:00:00,24.0,8.0,0.0,0.0
2026-07-22 23:15:00,24.0,8.0,0.0,0.0
2026-07-22 23:30:00,24.0,8.0,0.0,0.0
2026-07-22 23:45:00,24.0,8.0,0.0,0.0
2026-07-23 00:00:00,32.0,8.0,0.0,0.0
2026-07-23 00:15:00,24.0,8.0,0.0,0.0
2026-07-23 00:30:00,24.0,8.0,0.0,0.0
2026-07-23 00:45:00,24.0,8.0,0.0,0.0
2026-07-23 01:00:00,24.0,0.0,0.0,0.0
2026-07-23 01:15:00,24.0,8.0,0.0,0.0
2026-07-23 01:30:00,24.0,8.0,0.0,0.0
2026-07-23 01:45:00,16.0,8.0,0.0,0.0
2026-07-23 02:00:00,32.0,8.0,0.0,0.0
2026-07-23 02:15:00,24.0,8.0,0.0,0.0
2026-07-23 02:30:00,16.0,8.0,0.0,0.0
2026-07-23 02:45:00,24.0,8.0,0.0,0.0
2026-07-23 03:00:00,24.0,8.0,0.0,0.0
2026-07-23 03:15:00,24.0,8.0,0.0,0.0
2026-07-23 03:30:00,16.0,8.0,0.0,0.0
2026-07-23 03:45:00,16.0,8.0,0.0,0.0
2026-07-23 04:00:00,24.0,8.0,0.0,0.0
2026-07-23 04:15:00,24.0,8.0,0.0,0.0
2026-07-23 04:30:00,16.0,8.0,0.0,0.0
2026-07-23 04:45:00,16.0,8.0,0.0,0.0
2026-07-23 05:00:00,16.0,8.0,0.0,0.0
2026-07-23 05:15:00,24.0,8.0,0.0,0.0
2026-07-23 05:30:00,24.0,8.0,0.0,0.0
2026-07-23 05:45:00,24.0,8.0,0.0,0.0
2026-07-23 06:00:00,24.0,8.0,0.0,0.0
2026-07-23 06:15:00,16.0,8.0,0.0,0.0
2026-07-23 06:30:00,16.0,8.0,0.0,0.0
2026-07-23 06:45:00,24.0,8.0,0.0,0.0
2026-07-23 07:00:00,24.0,8.0,0.0,0.0
2026-07-23 07:15:00,16.0,8.0,0.0,0.0
2026-07-23 07:30:00,16.0,8.0,0.0,0.0
2026-07-23 07:45:00,24.0,16.0,0.0,0.0
2026-07-23 08:00:00,32.0,16.0,0.0,0.0
2026-07-23 08:15:00,24.0,16.0,0.0,0.0
2026-07-23 08:30:00,40.0,16.0,0.0,0.0
2026-07-23 08:45:00,584.0,704.0,0.0,0.0
2026-07-23 09:00:00,1120.0,704.0,0.0,0.0
2026-07-23 09:15:00,1120.0,704.0,0.0,0.0
2026-07-23 09:30:00,1120.0,704.0,0.0,0.0
2026-07-23 09:45:00,1128.0,712.0,0.0,0.0
2026-07-23 10:00:00,520.0,680.0,0.0,0.0
2026-07-23 10:15:00,504.0,680.0,0.0,0.0
2026-07-23 10:30:00,512.0,672.0,0.0,0.0
2026-07-23 10:45:00,512.0,680.0,0.0,0.0
2026-07-23 11:00:00,512.0,680.0,0.0,0.0
2026-07-23 11:15:00,520.0,680.0,0.0,0.0
2026-07-23 11:30:00,520.0,680.0,0.0,0.0
2026-07-23 11:45:00,528.0,680.0,0.0,0.0
2026-07-23 12:00:00,528.0,672.0,0.0,0.0
2026-07-23 12:15:00,544.0,672.0,0.0,0.0
2026-07-23 12:30:00,528.0,680.0,0.0,0.0
2026-07-23 12:45:00,528.0,672.0,0.0,0.0
2026-07-23 13:00:00,520.0,680.0,0.0,0.0
2026-07-23 13:15:00,536.0,672.0,0.0,0.0
2026-07-23 13:30:00,536.0,680.0,0.0,0.0
2026-07-23 13:45:00,528.0,680.0,0.0,0.0
2026-07-23 14:00:00,520.0,680.0,0.0,0.0
2026-07-23 14:15:00,528.0,680.0,0.0,0.0
2026-07-23 14:30:00,520.0,680.0,0.0,0.0
2026-07-23 14:45:00,528.0,672.0,0.0,0.0
2026-07-23 15:00:00,512.0,680.0,0.0,0.0
2026-07-23 15:15:00,504.0,672.0,0.0,0.0
2026-07-23 15:30:00,504.0,680.0,0.0,0.0
2026-07-23 15:45:00,520.0,680.0,0.0,0.0
2026-07-23 16:00:00,1184.0,704.0,0.0,0.0
2026-07-23 16:15:00,1200.0,704.0,0.0,0.0
2026-07-23 16:30:00,1184.0,712.0,0.0,0.0
2026-07-23 16:45:00,1176.0,784.0,0.0,0.0
2026-07-23 17:00:00,1184.0,784.0,0.0,0.0
2026-07-23 17:15:00,1184.0,784.0,0.0,0.0
2026-07-23 17:30:00,1200.0,776.0,0.0,0.0
2026-07-23 17:45:00,1184.0,784.0,0.0,0.0
2026-07-23 18:00:00,1200.0,784.0,0.0,0.0
2026-07-23 18:15:00,1208.0,784.0,0.0,0.0
2026-07-23 18:30:00,1200.0,784.0,0.0,0.0
2026-07-23 18:45:00,1200.0,784.0,0.0,0.0
2026-07-23 19:00:00,1192.0,784.0,0.0,0.0
2026-07-23 19:15:00,1224.0,776.0,0.0,0.0
2026-07-23 19:30:00,1208.0,784.0,0.0,0.0
2026-07-23 19:45:00,1192.0,784.0,0.0,0.0
2026-07-23 20:00:00,1216.0,784.0,0.0,0.0
2026-07-23 20:15:00,1184.0,784.0,0.0,0.0
2026-07-23 20:30:00,1192.0,784.0,0.0,0.0
2026-07-23 20:45:00,512.0,760.0,0.0,0.0
2026-07-23 21:00:00,488.0,752.0,0.0,0.0
2026-07-23 21:15:00,488.0,752.0,0.0,0.0
2026-07-23 21:30:00,112.0,16.0,0.0,0.0
2026-07-23 21:45:00,112.0,16.0,0.0,0.0
2026-07-23 22:00:00,104.0,8.0,0.0,0.0
2026-07-23 22:15:00,32.0,8.0,0.0,0.0
2026-07-23 22:30:00,24.0,8.0,0.0,0.0
2026-07-23 22:45:00,24.0,8.0,0.0,0.0
2026-07-23 23:00:00,24.0,8.0,0.0,0.0
2026-07-23 23:15:00,24.0,8.0,0.0,0.0
2026-07-23 23:30:00,24.0,8.0,0.0,0.0
2026-07-23 23:45:00,16.0,8.0,0.0,0.0
2026-07-27 00:00:00,24.0,8.0,0.0,0.0
2026-07-27 00:15:00,24.0,8.0,0.0,0.0
2026-07-27 00:30:00,24.0,8.0,0.0,0.0
2026-07-27 00:45:00,24.0,8.0,0.0,0.0
2026-07-27 01:00:00,16.0,8.0,0.0,0.0
2026-07-27 01:15:00,24.0,0.0,0.0,0.0
2026-07-27 01:30:00,24.0,8.0,0.0,0.0
2026-07-27 01:45:00,24.0,8.0,0.0,0.0
2026-07-27 02:00:00,16.0,8.0,0.0,0.0
2026-07-27 02:15:00,24.0,8.0,0.0,0.0
2026-07-27 02:30:00,24.0,8.0,0.0,0.0
2026-07-27 02:45:00,24.0,8.0,0.0,0.0
2026-07-27 03:00:00,16.0,8.0,0.0,0.0
2026-07-27 03:15:00,16.0,8.0,0.0,0.0
2026-07-27 03:30:00,24.0,8.0,0.0,0.0
2026-07-27 03:45:00,24.0,8.0,0.0,0.0
2026-07-27 04:00:00,24.0,8.0,0.0,0.0
2026-07-27 04:15:00,24.0,8.0,0.0,0.0
2026-07-27 04:30:00,16.0,8.0,0.0,0.0
2026-07-27 04:45:00,24.0,8.0,0.0,0.0
2026-07-27 05:00:00,24.0,8.0,0.0,0.0
2026-07-27 05:15:00,24.0,8.0,0.0,0.0
2026-07-27 05:30:00,24.0,8.0,0.0,0.0
2026-07-27 05:45:00,24.0,8.0,0.0,0.0
2026-07-27 06:00:00,16.0,8.0,0.0,0.0
2026-07-27 06:15:00,24.0,8.0,0.0,0.0
2026-07-27 06:30:00,24.0,8.0,0.0,0.0
2026-07-27 06:45:00,24.0,8.0,0.0,0.0
2026-07-27 07:00:00,24.0,8.0,0.0,0.0
2026-07-27 07:15:00,24.0,8.0,0.0,0.0
2026-07-27 07:30:00,24.0,8.0,0.0,0.0
2026-07-27 07:45:00,24.0,8.0,0.0,0.0
2026-07-27 08:00:00,16.0,16.0,0.0,0.0
2026-07-27 08:15:00,24.0,16.0,0.0,0.0
2026-07-27 08:30:00,48.0,8.0,0.0,0.0
2026-07-27 08:45:00,1008.0,712.0,0.0,0.0
2026-07-27 09:00:00,1112.0,784.0,0.0,0.0
2026-07-27 09:15:00,1120.0,776.0,0.0,0.0
2026-07-27 09:30:00,1128.0,784.0,0.0,0.0
2026-07-27 09:45:00,1192.0,784.0,0.0,0.0
2026-07-27 10:00:00,1200.0,784.0,0.0,0.0
2026-07-27 10:15:00,1200.0,784.0,0.0,0.0
2026-07-27 10:30:00,1208.0,784.0,0.0,0.0
2026-07-27 10:45:00,1192.0,784.0,0.0,0.0
2026-07-27 11:00:00,1192.0,784.0,0.0,0.0
2026-07-27 11:15:00,1192.0,784.0,0.0,0.0
2026-07-27 11:30:00,1192.0,784.0,0.0,0.0
2026-07-27 11:45:00,1192.0,784.0,0.0,0.0
2026-07-27 12:00:00,1192.0,784.0,0.0,0.0
2026-07-27 12:15:00,1200.0,784.0,0.0,0.0
2026-07-27 12:30:00,1200.0,784.0,0.0,0.0
2026-07-27 12:45:00,1184.0,784.0,0.0,0.0
2026-07-27 13:00:00,1192.0,784.0,0.0,0.0
2026-07-27 13:15:00,1208.0,784.0,0.0,0.0
2026-07-27 13:30:00,1208.0,792.0,0.0,0.0
2026-07-27 13:45:00,1208.0,792.0,0.0,0.0
2026-07-27 14:00:00,1192.0,784.0,0.0,0.0
2026-07-27 14:15:00,1192.0,792.0,0.0,0.0
2026-07-27 14:30:00,1192.0,792.0,0.0,0.0
2026-07-27 14:45:00,1200.0,784.0,0.0,0.0
2026-07-27 15:00:00,1192.0,784.0,0.0,0.0
2026-07-27 15:15:00,1208.0,784.0,0.0,0.0
2026-07-27 15:30:00,1184.0,784.0,0.0,0.0
2026-07-27 15:45:00,1192.0,792.0,0.0,0.0
2026-07-27 16:00:00,1200.0,784.0,0.0,0.0
2026-07-27 16:15:00,1200.0,784.0,0.0,0.0
2026-07-27 16:30:00,1200.0,784.0,0.0,0.0
2026-07-27 16:45:00,1192.0,784.0,0.0,0.0
2026-07-27 17:00:00,1192.0,784.0,0.0,0.0
2026-07-27 17:15:00,1200.0,784.0,0.0,0.0
2026-07-27 17:30:00,1200.0,792.0,0.0,0.0
2026-07-27 17:45:00,1200.0,784.0,0.0,0.0
2026-07-27 18:00:00,1208.0,792.0,0.0,0.0
2026-07-27 18:15:00,1200.0,784.0,0.0,0.0
2026-07-27 18:30:00,1208.0,784.0,0.0,0.0
2026-07-27 18:45:00,576.0,688.0,0.0,0.0
2026-07-27 19:00:00,592.0,688.0,0.0,0.0
2026-07-27 19:15:00,584.0,688.0,0.0,0.0
2026-07-27 19:30:00,584.0,680.0,0.0,0.0
2026-07-27 19:45:00,584.0,688.0,0.0,0.0
2026-07-27 20:00:00,592.0,688.0,0.0,0.0
2026-07-27 20:15:00,584.0,680.0,0.0,0.0
2026-07-27 20:30:00,600.0,680.0,0.0,0.0
2026-07-27 20:45:00,576.0,680.0,0.0,0.0
2026-07-27 21:00:00,520.0,440.0,0.0,0.0
2026-07-27 21:15:00,152.0,16.0,0.0,0.0
2026-07-27 21:30:00,40.0,16.0,0.0,0.0
2026-07-27 21:45:00,40.0,8.0,0.0,0.0
2026-07-27 22:00:00,32.0,8.0,0.0,0.0
2026-07-27 22:15:00,24.0,8.0,0.0,0.0
2026-07-27 22:30:00,24.0,8.0,0.0,0.0
2026-07-27 22:45:00,16.0,8.0,0.0,0.0
2026-07-27 23:00:00,24.0,8.0,0.0,0.0
2026-07-27 23:15:00,16.0,8.0,0.0,0.0
2026-07-27 23:30:00,16.0,0.0,0.0,0.0
2026-07-27 23:45:00,24.0,8.0,0.0,0.0
2026-07-28 00:00:00,16.0,8.0,0.0,0.0
2026-07-28 00:15:00,16.0,8.0,0.0,0.0
2026-07-28 00:30:00,24.0,8.0,0.0,0.0
2026-07-28 00:45:00,24.0,8.0,0.0,0.0
2026-07-28 01:00:00,24.0,8.0,0.0,0.0
2026-07-28 01:15:00,24.0,8.0,0.0,0.0
2026-07-28 01:30:00,16.0,8.0,0.0,0.0
2026-07-28 01:45:00,24.0,0.0,0.0,0.0
2026-07-28 02:00:00,24.0,8.0,0.0,0.0
2026-07-28 02:15:00,16.0,8.0,0.0,0.0
2026-07-28 02:30:00,24.0,8.0,0.0,0.0
2026-07-28 02:45:00,24.0,8.0,0.0,0.0
2026-07-28 03:00:00,24.0,8.0,0.0,0.0
2026-07-28 03:15:00,24.0,8.0,0.0,0.0
2026-07-28 03:30:00,16.0,8.0,0.0,0.0
2026-07-28 03:45:00,24.0,8.0,0.0,0.0
2026-07-28 04:00:00,24.0,8.0,0.0,0.0
2026-07-28 04:15:00,24.0,8.0,0.0,0.0
2026-07-28 04:30:00,24.0,8.0,0.0,0.0
2026-07-28 04:45:00,16.0,8.0,0.0,0.0
2026-07-28 05:00:00,24.0,8.0,0.0,0.0
2026-07-28 05:15:00,24.0,8.0,0.0,0.0
2026-07-28 05:30:00,16.0,8.0,0.0,0.0
2026-07-28 05:45:00,24.0,8.0,0.0,0.0
2026-07-28 06:00:00,16.0,8.0,0.0,0.0
2026-07-28 06:15:00,24.0,8.0,0.0,0.0
2026-07-28 06:30:00,16.0,8.0,0.0,0.0
2026-07-28 06:45:00,16.0,8.0,0.0,0.0
2026-07-28 07:00:00,24.0,8.0,0.0,0.0
2026-07-28 07:15:00,16.0,8.0,0.0,0.0
2026-07-28 07:30:00,16.0,8.0,0.0,0.0
2026-07-28 07:45:00,24.0,8.0,0.0,0.0
2026-07-28 08:00:00,24.0,16.0,0.0,0.0
2026-07-28 08:15:00,16.0,8.0,0.0,0.0
2026-07-28 08:30:00,48.0,16.0,0.0,0.0
2026-07-28 08:45:00,1032.0,704.0,0.0,0.0
2026-07-28 09:00:00,1120.0,776.0,0.0,0.0
2026-07-28 09:15:00,1128.0,784.0,0.0,0.0
2026-07-28 09:30:00,1168.0,784.0,0.0,0.0
2026-07-28 09:45:00,1176.0,784.0,0.0,0.0
2026-07-28 10:00:00,1176.0,784.0,0.0,0.0
2026-07-28 10:15:00,1176.0,784.0,0.0,0.0
2026-07-28 10:30:00,1160.0,784.0,0.0,0.0
2026-07-28 10:45:00,1168.0,784.0,0.0,0.0
2026-07-28 11:00:00,1168.0,784.0,0.0,0.0
2026-07-28 11:15:00,1184.0,784.0,0.0,0.0
2026-07-28 11:30:00,1184.0,784.0,0.0,0.0
2026-07-28 11:45:00,1168.0,784.0,0.0,0.0
2026-07-28 12:00:00,1136.0,784.0,0.0,0.0
2026-07-28 12:15:00,1128.0,784.0,0.0,0.0
2026-07-28 12:30:00,1136.0,784.0,0.0,0.0
2026-07-28 12:45:00,584.0,760.0,0.0,0.0
2026-07-28 13:00:00,576.0,752.0,0.0,0.0
2026-07-28 13:15:00,552.0,752.0,0.0,0.0
2026-07-28 13:30:00,568.0,752.0,0.0,0.0
2026-07-28 13:45:00,592.0,752.0,0.0,0.0
2026-07-28 14:00:00,560.0,752.0,0.0,0.0
2026-07-28 14:15:00,552.0,744.0,0.0,0.0
2026-07-28 14:30:00,552.0,752.0,0.0,0.0
2026-07-28 14:45:00,576.0,752.0,0.0,0.0
2026-07-28 15:00:00,568.0,752.0,0.0,0.0
2026-07-28 15:15:00,560.0,752.0,0.0,0.0
2026-07-28 15:30:00,552.0,752.0,0.0,0.0
2026-07-28 15:45:00,552.0,752.0,0.0,0.0
2026-07-28 16:00:00,552.0,752.0,0.0,0.0
2026-07-28 16:15:00,560.0,752.0,0.0,0.0
2026-07-28 16:30:00,560.0,752.0,0.0,0.0
2026-07-28 16:45:00,544.0,752.0,0.0,0.0
2026-07-28 17:00:00,552.0,752.0,0.0,0.0
2026-07-28 17:15:00,560.0,752.0,0.0,0.0
2026-07-28 17:30:00,560.0,752.0,0.0,0.0
2026-07-28 17:45:00,568.0,752.0,0.0,0.0
2026-07-28 18:00:00,568.0,752.0,0.0,0.0
2026-07-28 18:15:00,560.0,752.0,0.0,0.0
2026-07-28 18:30:00,568.0,752.0,0.0,0.0
2026-07-28 18:45:00,560.0,752.0,0.0,0.0
2026-07-28 19:00:00,560.0,752.0,0.0,0.0
2026-07-28 19:15:00,576.0,752.0,0.0,0.0
2026-07-28 19:30:00,568.0,752.0,0.0,0.0
2026-07-28 19:45:00,560.0,752.0,0.0,0.0
2026-07-28 20:00:00,568.0,752.0,0.0,0.0
2026-07-28 20:15:00,576.0,752.0,0.0,0.0
2026-07-28 20:30:00,552.0,752.0,0.0,0.0
2026-07-28 20:45:00,568.0,752.0,0.0,0.0
2026-07-28 21:00:00,496.0,512.0,0.0,0.0
2026-07-28 21:15:00,152.0,8.0,0.0,0.0
2026-07-28 21:30:00,40.0,16.0,0.0,0.0
2026-07-28 21:45:00,32.0,16.0,0.0,0.0
2026-07-28 22:00:00,32.0,8.0,0.0,0.0
2026-07-28 22:15:00,24.0,8.0,0.0,0.0
2026-07-28 22:30:00,24.0,16.0,0.0,0.0
2026-07-28 22:45:00,24.0,8.0,0.0,0.0
2026-07-28 23:00:00,24.0,8.0,0.0,0.0
2026-07-28 23:15:00,24.0,8.0,0.0,0.0
2026-07-28 23:30:00,24.0,8.0,0.0,0.0
2026-07-28 23:45:00,24.0,8.0,0.0,0.0
2026-07-29 00:00:00,24.0,8.0,0.0,0.0
2026-07-29 00:15:00,24.0,8.0,0.0,0.0
2026-07-29 00:30:00,24.0,8.0,0.0,0.0
2026-07-29 00:45:00,24.0,8.0,0.0,0.0
2026-07-29 01:00:00,16.0,8.0,0.0,0.0
2026-07-29 01:15:00,24.0,8.0,0.0,0.0
2026-07-29 01:30:00,16.0,8.0,0.0,0.0
2026-07-29 01:45:00,24.0,8.0,0.0,0.0
2026-07-29 02:00:00,32.0,8.0,0.0,0.0
2026-07-29 02:15:00,16.0,8.0,0.0,0.0
2026-07-29 02:30:00,16.0,8.0,0.0,0.0
2026-07-29 02:45:00,24.0,8.0,0.0,0.0
2026-07-29 03:00:00,24.0,8.0,0.0,0.0
2026-07-29 03:15:00,24.0,8.0,0.0,0.0
2026-07-29 03:30:00,24.0,8.0,0.0,0.0
2026-07-29 03:45:00,16.0,8.0,0.0,0.0
2026-07-29 04:00:00,24.0,8.0,0.0,0.0
2026-07-29 04:15:00,24.0,8.0,0.0,0.0
2026-07-29 04:30:00,16.0,8.0,0.0,0.0
2026-07-29 04:45:00,16.0,8.0,0.0,0.0
2026-07-29 05:00:00,24.0,8.0,0.0,0.0
2026-07-29 05:15:00,24.0,8.0,0.0,0.0
2026-07-29 05:30:00,24.0,8.0,0.0,0.0
2026-07-29 05:45:00,16.0,8.0,0.0,0.0
2026-07-29 06:00:00,24.0,8.0,0.0,0.0
2026-07-29 06:15:00,24.0,8.0,0.0,0.0
2026-07-29 06:30:00,24.0,0.0,0.0,0.0
2026-07-29 06:45:00,16.0,8.0,0.0,0.0
2026-07-29 07:00:00,16.0,8.0,0.0,0.0
2026-07-29 07:15:00,24.0,8.0,0.0,0.0
2026-07-29 07:30:00,24.0,8.0,0.0,0.0
2026-07-29 07:45:00,24.0,8.0,0.0,0.0
2026-07-29 08:00:00,24.0,16.0,0.0,0.0
2026-07-29 08:15:00,16.0,16.0,0.0,0.0
2026-07-29 08:30:00,856.0,720.0,0.0,0.0
2026-07-29 08:45:00,1056.0,792.0,0.0,0.0
2026-07-29 09:00:00,1168.0,792.0,0.0,0.0
2026-07-29 09:15:00,1160.0,784.0,0.0,0.0
2026-07-29 09:30:00,1232.0,792.0,0.0,0.0
2026-07-29 09:45:00,1232.0,792.0,0.0,0.0
2026-07-29 10:00:00,1232.0,792.0,0.0,0.0
2026-07-29 10:15:00,1248.0,792.0,0.0,0.0
2026-07-29 10:30:00,1232.0,792.0,0.0,0.0
2026-07-29 10:45:00,1248.0,792.0,0.0,0.0
2026-07-29 11:00:00,1232.0,792.0,0.0,0.0
2026-07-29 11:15:00,1240.0,784.0,0.0,0.0
2026-07-29 11:30:00,1240.0,792.0,0.0,0.0
2026-07-29 11:45:00,560.0,760.0,0.0,0.0
2026-07-29 12:00:00,552.0,760.0,0.0,0.0
2026-07-29 12:15:00,552.0,760.0,0.0,0.0
2026-07-29 12:30:00,544.0,760.0,0.0,0.0
2026-07-29 12:45:00,552.0,760.0,0.0,0.0
2026-07-29 13:00:00,552.0,752.0,0.0,0.0
2026-07-29 13:15:00,552.0,760.0,0.0,0.0
2026-07-29 13:30:00,544.0,752.0,0.0,0.0
2026-07-29 13:45:00,552.0,752.0,0.0,0.0
2026-07-29 14:00:00,552.0,760.0,0.0,0.0
2026-07-29 14:15:00,552.0,752.0,0.0,0.0
2026-07-29 14:30:00,552.0,760.0,0.0,0.0
2026-07-29 14:45:00,544.0,752.0,0.0,0.0
2026-07-29 15:00:00,552.0,752.0,0.0,0.0
2026-07-29 15:15:00,552.0,760.0,0.0,0.0
2026-07-29 15:30:00,536.0,752.0,0.0,0.0
2026-07-29 15:45:00,552.0,760.0,0.0,0.0
2026-07-29 16:00:00,544.0,760.0,0.0,0.0
2026-07-29 16:15:00,544.0,752.0,0.0,0.0
2026-07-29 16:30:00,544.0,752.0,0.0,0.0
2026-07-29 16:45:00,536.0,752.0,0.0,0.0
2026-07-29 17:00:00,544.0,752.0,0.0,0.0
2026-07-29 17:15:00,552.0,752.0,0.0,0.0
2026-07-29 17:30:00,544.0,752.0,0.0,0.0
2026-07-29 17:45:00,536.0,752.0,0.0,0.0
2026-07-29 18:00:00,552.0,752.0,0.0,0.0
2026-07-29 18:15:00,560.0,752.0,0.0,0.0
2026-07-29 18:30:00,560.0,752.0,0.0,0.0
2026-07-29 18:45:00,552.0,752.0,0.0,0.0
2026-07-29 19:00:00,544.0,752.0,0.0,0.0
2026-07-29 19:15:00,536.0,752.0,0.0,0.0
2026-07-29 19:30:00,560.0,752.0,0.0,0.0
2026-07-29 19:45:00,560.0,752.0,0.0,0.0
2026-07-29 20:00:00,552.0,752.0,0.0,0.0
2026-07-29 20:15:00,552.0,752.0,0.0,0.0
2026-07-29 20:30:00,544.0,760.0,0.0,0.0
2026-07-29 20:45:00,544.0,752.0,0.0,0.0
2026-07-29 21:00:00,184.0,16.0,0.0,0.0
2026-07-29 21:15:00,120.0,8.0,0.0,0.0
2026-07-29 21:30:00,88.0,8.0,0.0,0.0
2026-07-29 21:45:00,88.0,16.0,0.0,0.0
2026-07-29 22:00:00,80.0,8.0,0.0,0.0
2026-07-29 22:15:00,72.0,8.0,0.0,0.0
2026-07-29 22:30:00,24.0,8.0,0.0,0.0
2026-07-29 22:45:00,24.0,8.0,0.0,0.0
2026-07-29 23:00:00,24.0,8.0,0.0,0.0
2026-07-29 23:15:00,24.0,8.0,0.0,0.0
2026-07-29 23:30:00,24.0,8.0,0.0,0.0
2026-07-29 23:45:00,24.0,8.0,0.0,0.0
2026-07-30 00:00:00,24.0,8.0,0.0,0.0
2026-07-30 00:15:00,24.0,8.0,0.0,0.0
2026-07-30 00:30:00,16.0,8.0,0.0,0.0
2026-07-30 00:45:00,16.0,8.0,0.0,0.0
2026-07-30 01:00:00,24.0,8.0,0.0,0.0
2026-07-30 01:15:00,24.0,8.0,0.0,0.0
2026-07-30 01:30:00,24.0,8.0,0.0,0.0
2026-07-30 01:45:00,24.0,8.0,0.0,0.0
2026-07-30 02:00:00,16.0,8.0,0.0,0.0
2026-07-30 02:15:00,24.0,8.0,0.0,0.0
2026-07-30 02:30:00,24.0,8.0,0.0,0.0
2026-07-30 02:45:00,24.0,8.0,0.0,0.0
2026-07-30 03:00:00,24.0,8.0,0.0,0.0
2026-07-30 03:15:00,24.0,8.0,0.0,0.0
2026-07-30 03:30:00,24.0,8.0,0.0,0.0
2026-07-30 03:45:00,24.0,8.0,0.0,0.0
2026-07-30 04:00:00,16.0,8.0,0.0,0.0
2026-07-30 04:15:00,24.0,8.0,0.0,0.0
2026-07-30 04:30:00,24.0,8.0,0.0,0.0
2026-07-30 04:45:00,24.0,8.0,0.0,0.0
2026-07-30 05:00:00,24.0,8.0,0.0,0.0
2026-07-30 05:15:00,16.0,8.0,0.0,0.0
2026-07-30 05:30:00,16.0,8.0,0.0,0.0
2026-07-30 05:45:00,24.0,8.0,0.0,0.0
2026-07-30 06:00:00,16.0,8.0,0.0,0.0
2026-07-30 06:15:00,24.0,8.0,0.0,0.0
2026-07-30 06:30:00,24.0,8.0,0.0,0.0
2026-07-30 06:45:00,16.0,8.0,0.0,0.0
2026-07-30 07:00:00,24.0,8.0,0.0,0.0
2026-07-30 07:15:00,24.0,8.0,0.0,0.0
2026-07-30 07:30:00,24.0,8.0,0.0,0.0
2026-07-30 07:45:00,24.0,8.0,0.0,0.0
2026-07-30 08:00:00,16.0,16.0,0.0,0.0
2026-07-30 08:15:00,16.0,16.0,0.0,0.0
2026-07-30 08:30:00,800.0,712.0,0.0,0.0
2026-07-30 08:45:00,1128.0,784.0,0.0,0.0
2026-07-30 09:00:00,1160.0,784.0,0.0,0.0
2026-07-30 09:15:00,1208.0,784.0,0.0,0.0
2026-07-30 09:30:00,1216.0,792.0,0.0,0.0
2026-07-30 09:45:00,1216.0,784.0,0.0,0.0
2026-07-30 10:00:00,1224.0,784.0,0.0,0.0
2026-07-30 10:15:00,1240.0,792.0,0.0,0.0
2026-07-30 10:30:00,1224.0,792.0,0.0,0.0
2026-07-30 10:45:00,1224.0,792.0,0.0,0.0
2026-07-30 11:00:00,1216.0,792.0,0.0,0.0
2026-07-30 11:15:00,1224.0,792.0,0.0,0.0
2026-07-30 11:30:00,1208.0,792.0,0.0,0.0
2026-07-30 11:45:00,600.0,768.0,0.0,0.0
2026-07-30 12:00:00,616.0,688.0,0.0,0.0
2026-07-30 12:15:00,616.0,688.0,0.0,0.0
2026-07-30 12:30:00,616.0,680.0,0.0,0.0
2026-07-30 12:45:00,608.0,688.0,0.0,0.0
2026-07-30 13:00:00,608.0,688.0,0.0,0.0
2026-07-30 13:15:00,624.0,680.0,0.0,0.0
2026-07-30 13:30:00,608.0,688.0,0.0,0.0
2026-07-30 13:45:00,616.0,688.0,0.0,0.0
2026-07-30 14:00:00,616.0,688.0,0.0,0.0
2026-07-30 14:15:00,600.0,680.0,0.0,0.0
2026-07-30 14:30:00,600.0,680.0,0.0,0.0
2026-07-30 14:45:00,616.0,688.0,0.0,0.0
2026-07-30 15:00:00,616.0,688.0,0.0,0.0
2026-07-30 15:15:00,600.0,688.0,0.0,0.0
2026-07-30 15:30:00,600.0,688.0,0.0,0.0
2026-07-30 15:45:00,608.0,688.0,0.0,0.0
2026-07-30 16:00:00,600.0,688.0,0.0,0.0
2026-07-30 16:15:00,608.0,688.0,0.0,0.0
2026-07-30 16:30:00,600.0,688.0,0.0,0.0
2026-07-30 16:45:00,608.0,680.0,0.0,0.0
2026-07-30 17:00:00,600.0,680.0,0.0,0.0
2026-07-30 17:15:00,608.0,688.0,0.0,0.0
2026-07-30 17:30:00,608.0,680.0,0.0,0.0
2026-07-30 17:45:00,608.0,680.0,0.0,0.0
2026-07-30 18:00:00,600.0,688.0,0.0,0.0
2026-07-30 18:15:00,616.0,680.0,0.0,0.0
2026-07-30 18:30:00,608.0,680.0,0.0,0.0
2026-07-30 18:45:00,616.0,688.0,0.0,0.0
2026-07-30 19:00:00,616.0,688.0,0.0,0.0
2026-07-30 19:15:00,608.0,688.0,0.0,0.0
2026-07-30 19:30:00,616.0,680.0,0.0,0.0
2026-07-30 19:45:00,616.0,680.0,0.0,0.0
2026-07-30 20:00:00,616.0,688.0,0.0,0.0
2026-07-30 20:15:00,608.0,680.0,0.0,0.0
2026-07-30 20:30:00,608.0,688.0,0.0,0.0
2026-07-30 20:45:00,624.0,680.0,0.0,0.0
2026-07-30 21:00:00,608.0,688.0,0.0,0.0
2026-07-30 21:15:00,120.0,16.0,0.0,0.0
2026-07-30 21:30:00,96.0,16.0,0.0,0.0
2026-07-30 21:45:00,96.0,16.0,0.0,0.0
2026-07-30 22:00:00,72.0,16.0,0.0,0.0
2026-07-30 22:15:00,72.0,16.0,0.0,0.0
2026-07-30 22:30:00,32.0,8.0,0.0,0.0
2026-07-30 22:45:00,24.0,8.0,0.0,0.0
2026-07-30 23:00:00,24.0,8.0,0.0,0.0
2026-07-30 23:15:00,24.0,8.0,0.0,0.0
2026-07-30 23:30:00,24.0,8.0,0.0,0.0
2026-07-30 23:45:00,24.0,8.0,0.0,0.0
2026-07-31 00:00:00,24.0,8.0,0.0,0.0
2026-07-31 00:15:00,24.0,8.0,0.0,0.0
2026-07-31 00:30:00,24.0,8.0,0.0,0.0
2026-07-31 00:45:00,24.0,8.0,0.0,0.0
2026-07-31 01:00:00,24.0,8.0,0.0,0.0
2026-07-31 01:15:00,24.0,8.0,0.0,0.0
2026-07-31 01:30:00,24.0,8.0,0.0,0.0
2026-07-31 01:45:00,24.0,8.0,0.0,0.0
2026-07-31 02:00:00,24.0,8.0,0.0,0.0
2026-07-31 02:15:00,24.0,8.0,0.0,0.0
2026-07-31 02:30:00,24.0,8.0,0.0,0.0
2026-07-31 02:45:00,24.0,8.0,0.0,0.0
2026-07-31 03:00:00,24.0,8.0,0.0,0.0
2026-07-31 03:15:00,24.0,8.0,0.0,0.0
2026-07-31 03:30:00,24.0,8.0,0.0,0.0
2026-07-31 03:45:00,24.0,8.0,0.0,0.0
2026-07-31 04:00:00,24.0,8.0,0.0,0.0
2026-07-31 04:15:00,16.0,8.0,0.0,0.0
2026-07-31 04:30:00,24.0,8.0,0.0,0.0
2026-07-31 04:45:00,24.0,8.0,0.0,0.0
2026-07-31 05:00:00,24.0,8.0,0.0,0.0
2026-07-31 05:15:00,24.0,8.0,0.0,0.0
2026-07-31 05:30:00,16.0,8.0,0.0,0.0
2026-07-31 05:45:00,16.0,8.0,0.0,0.0
2026-07-31 06:00:00,24.0,0.0,0.0,0.0
2026-07-31 06:15:00,16.0,8.0,0.0,0.0
2026-07-31 06:30:00,24.0,8.0,0.0,0.0
2026-07-31 06:45:00,16.0,8.0,0.0,0.0
2026-07-31 07:00:00,24.0,8.0,0.0,0.0
2026-07-31 07:15:00,24.0,8.0,0.0,0.0
2026-07-31 07:30:00,24.0,8.0,0.0,0.0
2026-07-31 07:45:00,24.0,16.0,0.0,0.0
2026-07-31 08:00:00,24.0,16.0,0.0,0.0
2026-07-31 08:15:00,16.0,16.0,0.0,0.0
2026-07-31 08:30:00,200.0,496.0,0.0,0.0
2026-07-31 08:45:00,1104.0,784.0,0.0,0.0
2026-07-31 09:00:00,1120.0,784.0,0.0,0.0
2026-07-31 09:15:00,1184.0,784.0,0.0,0.0
2026-07-31 09:30:00,1192.0,784.0,0.0,0.0
2026-07-31 09:45:00,1200.0,784.0,0.0,0.0
2026-07-31 10:00:00,1184.0,784.0,0.0,0.0
2026-07-31 10:15:00,1192.0,784.0,0.0,0.0
2026-07-31 10:30:00,1200.0,784.0,0.0,0.0
2026-07-31 10:45:00,1200.0,784.0,0.0,0.0
2026-07-31 11:00:00,1184.0,784.0,0.0,0.0
2026-07-31 11:15:00,1184.0,784.0,0.0,0.0
2026-07-31 11:30:00,1208.0,784.0,0.0,0.0
2026-07-31 11:45:00,1200.0,784.0,0.0,0.0
2026-07-31 12:00:00,1208.0,784.0,0.0,0.0
2026-07-31 12:15:00,1200.0,784.0,0.0,0.0
2026-07-31 12:30:00,1200.0,792.0,0.0,0.0
2026-07-31 12:45:00,1208.0,784.0,0.0,0.0
2026-07-31 13:00:00,1216.0,784.0,0.0,0.0
2026-07-31 13:15:00,1208.0,784.0,0.0,0.0
2026-07-31 13:30:00,1208.0,784.0,0.0,0.0
2026-07-31 13:45:00,1208.0,784.0,0.0,0.0
2026-07-31 14:00:00,1184.0,776.0,0.0,0.0
2026-07-31 14:15:00,1200.0,784.0,0.0,0.0
2026-07-31 14:30:00,1184.0,776.0,0.0,0.0
2026-07-31 14:45:00,1192.0,784.0,0.0,0.0
2026-07-31 15:00:00,1200.0,784.0,0.0,0.0
2026-07-31 15:15:00,1200.0,784.0,0.0,0.0
2026-07-31 15:30:00,1192.0,784.0,0.0,0.0
2026-07-31 15:45:00,1200.0,784.0,0.0,0.0
2026-07-31 16:00:00,1216.0,784.0,0.0,0.0
2026-07-31 16:15:00,1200.0,784.0,0.0,0.0
2026-07-31 16:30:00,1200.0,784.0,0.0,0.0
2026-07-31 16:45:00,1208.0,784.0,0.0,0.0
2026-07-31 17:00:00,1200.0,776.0,0.0,0.0
2026-07-31 17:15:00,1200.0,784.0,0.0,0.0
2026-07-31 17:30:00,1224.0,784.0,0.0,0.0
2026-07-31 17:45:00,1216.0,784.0,0.0,0.0
2026-07-31 18:00:00,1216.0,784.0,0.0,0.0
2026-07-31 18:15:00,1208.0,784.0,0.0,0.0
2026-07-31 18:30:00,1208.0,784.0,0.0,0.0
2026-07-31 18:45:00,1224.0,784.0,0.0,0.0
2026-07-31 19:00:00,1216.0,784.0,0.0,0.0
2026-07-31 19:15:00,1208.0,784.0,0.0,0.0
2026-07-31 19:30:00,1200.0,784.0,0.0,0.0
2026-07-31 19:45:00,1208.0,784.0,0.0,0.0
2026-07-31 20:00:00,1192.0,776.0,0.0,0.0
2026-07-31 20:15:00,1232.0,784.0,0.0,0.0
2026-07-31 20:30:00,1144.0,784.0,0.0,0.0
2026-07-31 20:45:00,584.0,760.0,0.0,0.0
2026-07-31 21:00:00,584.0,752.0,0.0,0.0
2026-07-31 21:15:00,176.0,16.0,0.0,0.0
2026-07-31 21:30:00,152.0,16.0,0.0,0.0
2026-07-31 21:45:00,72.0,16.0,0.0,0.0
2026-07-31 22:00:00,40.0,16.0,0.0,0.0
2026-07-31 22:15:00,40.0,16.0,0.0,0.0
2026-07-31 22:30:00,40.0,16.0,0.0,0.0
2026-07-31 22:45:00,32.0,8.0,0.0,0.0
2026-07-31 23:00:00,24.0,8.0,0.0,0.0
2026-07-31 23:15:00,24.0,8.0,0.0,0.0
2026-07-31 23:30:00,24.0,8.0,0.0,0.0
2026-07-31 23:45:00,16.0,8.0,0.0,0.0
2026-08-01 00:00:00,24.0,8.0,0.0,0.0
2026-08-01 00:15:00,24.0,8.0,0.0,0.0
2026-08-01 00:30:00,24.0,8.0,0.0,0.0
2026-08-01 00:45:00,24.0,8.0,0.0,0.0
2026-08-01 01:00:00,16.0,8.0,0.0,0.0
2026-08-01 01:15:00,16.0,8.0,0.0,0.0
2026-08-01 01:30:00,24.0,8.0,0.0,0.0
2026-08-01 01:45:00,24.0,8.0,0.0,0.0
2026-08-01 02:00:00,24.0,8.0,0.0,0.0
2026-08-01 02:15:00,24.0,8.0,0.0,0.0
2026-08-01 02:30:00,24.0,8.0,0.0,0.0
2026-08-01 02:45:00,24.0,8.0,0.0,0.0
2026-08-01 03:00:00,24.0,8.0,0.0,0.0
2026-08-01 03:15:00,24.0,8.0,0.0,0.0
2026-08-01 03:30:00,24.0,8.0,0.0,0.0
2026-08-01 03:45:00,16.0,8.0,0.0,0.0
2026-08-01 04:00:00,24.0,8.0,0.0,0.0
2026-08-01 04:15:00,32.0,8.0,0.0,0.0
2026-08-01 04:30:00,24.0,8.0,0.0,0.0
2026-08-01 04:45:00,16.0,8.0,0.0,0.0
2026-08-01 05:00:00,24.0,8.0,0.0,0.0
2026-08-01 05:15:00,24.0,8.0,0.0,0.0
2026-08-01 05:30:00,24.0,8.0,0.0,0.0
2026-08-01 05:45:00,16.0,8.0,0.0,0.0
2026-08-01 06:00:00,24.0,8.0,0.0,0.0
2026-08-01 06:15:00,24.0,8.0,0.0,0.0
2026-08-01 06:30:00,24.0,8.0,0.0,0.0
2026-08-01 06:45:00,24.0,8.0,0.0,0.0
2026-08-01 07:00:00,32.0,8.0,0.0,0.0
2026-08-01 07:15:00,24.0,8.0,0.0,0.0
2026-08-01 07:30:00,24.0,8.0,0.0,0.0
2026-08-01 07:45:00,16.0,8.0,0.0,0.0
2026-08-01 08:00:00,200.0,360.0,0.0,0.0
2026-08-01 08:15:00,1096.0,784.0,0.0,0.0
2026-08-01 08:30:00,1088.0,784.0,0.0,0.0
2026-08-01 08:45:00,1176.0,792.0,0.0,0.0
2026-08-01 09:00:00,1200.0,784.0,0.0,0.0
2026-08-01 09:15:00,1200.0,792.0,0.0,0.0
2026-08-01 09:30:00,1200.0,792.0,0.0,0.0
2026-08-01 09:45:00,1224.0,784.0,0.0,0.0
2026-08-01 10:00:00,1232.0,784.0,0.0,0.0
2026-08-01 10:15:00,1232.0,784.0,0.0,0.0
2026-08-01 10:30:00,1232.0,792.0,0.0,0.0
2026-08-01 10:45:00,1240.0,792.0,0.0,0.0
2026-08-01 11:00:00,1240.0,792.0,0.0,0.0
2026-08-01 11:15:00,1264.0,792.0,0.0,0.0
2026-08-01 11:30:00,1248.0,784.0,0.0,0.0
2026-08-01 11:45:00,1240.0,792.0,0.0,0.0
2026-08-01 12:00:00,1256.0,792.0,0.0,0.0
2026-08-01 12:15:00,1272.0,784.0,0.0,0.0
2026-08-01 12:30:00,1264.0,792.0,0.0,0.0
2026-08-01 12:45:00,1264.0,792.0,0.0,0.0
2026-08-01 13:00:00,1304.0,1024.0,0.0,0.0
2026-08-01 13:15:00,672.0,1000.0,0.0,0.0
2026-08-01 13:30:00,664.0,1008.0,0.0,0.0
2026-08-01 13:45:00,672.0,1000.0,0.0,0.0
2026-08-01 14:00:00,672.0,1000.0,0.0,0.0
2026-08-01 14:15:00,688.0,1000.0,0.0,0.0
2026-08-01 14:30:00,680.0,1008.0,0.0,0.0
2026-08-01 14:45:00,688.0,1000.0,0.0,0.0
2026-08-01 15:00:00,688.0,1008.0,0.0,0.0
2026-08-01 15:15:00,664.0,1000.0,0.0,0.0
2026-08-01 15:30:00,688.0,1008.0,0.0,0.0
2026-08-01 15:45:00,696.0,1000.0,0.0,0.0
2026-08-01 16:00:00,664.0,1000.0,0.0,0.0
2026-08-01 16:15:00,656.0,1000.0,0.0,0.0
2026-08-01 16:30:00,656.0,1000.0,0.0,0.0
2026-08-01 16:45:00,648.0,1000.0,0.0,0.0
2026-08-01 17:00:00,656.0,1000.0,0.0,0.0
2026-08-01 17:15:00,688.0,1000.0,0.0,0.0
2026-08-01 17:30:00,680.0,1000.0,0.0,0.0
2026-08-01 17:45:00,680.0,1000.0,0.0,0.0
2026-08-01 18:00:00,672.0,1000.0,0.0,0.0
2026-08-01 18:15:00,680.0,1000.0,0.0,0.0
2026-08-01 18:30:00,680.0,1000.0,0.0,0.0
2026-08-01 18:45:00,656.0,1000.0,0.0,0.0
2026-08-01 19:00:00,880.0,808.0,0.0,0.0
2026-08-01 19:15:00,1320.0,800.0,0.0,0.0
2026-08-01 19:30:00,1280.0,800.0,0.0,0.0
2026-08-01 19:45:00,1296.0,800.0,0.0,0.0
2026-08-01 20:00:00,1296.0,800.0,0.0,0.0
2026-08-01 20:15:00,1296.0,800.0,0.0,0.0
2026-08-01 20:30:00,1296.0,800.0,0.0,0.0
2026-08-01 20:45:00,1304.0,800.0,0.0,0.0
2026-08-01 21:00:00,1280.0,800.0,0.0,0.0
2026-08-01 21:15:00,1288.0,800.0,0.0,0.0
2026-08-01 21:30:00,192.0,16.0,0.0,0.0
2026-08-01 21:45:00,184.0,16.0,0.0,0.0
2026-08-01 22:00:00,152.0,16.0,0.0,0.0
2026-08-01 22:15:00,40.0,16.0,0.0,0.0
2026-08-01 22:30:00,24.0,8.0,0.0,0.0
2026-08-01 22:45:00,24.0,8.0,0.0,0.0
2026-08-01 23:00:00,24.0,8.0,0.0,0.0
2026-08-01 23:15:00,24.0,8.0,0.0,0.0
2026-08-01 23:30:00,24.0,8.0,0.0,0.0
2026-08-01 23:45:00,16.0,8.0,0.0,0.0
2026-08-02 00:00:00,24.0,8.0,0.0,0.0
2026-08-02 00:15:00,24.0,8.0,0.0,0.0
2026-08-02 00:30:00,24.0,8.0,0.0,0.0
2026-08-02 00:45:00,24.0,8.0,0.0,0.0
2026-08-02 01:00:00,24.0,8.0,0.0,0.0
2026-08-02 01:15:00,24.0,8.0,0.0,0.0
2026-08-02 01:30:00,24.0,8.0,0.0,0.0
2026-08-02 01:45:00,24.0,8.0,0.0,0.0
2026-08-02 02:00:00,24.0,8.0,0.0,0.0
2026-08-02 02:15:00,24.0,8.0,0.0,0.0
2026-08-02 02:30:00,24.0,8.0,0.0,0.0
2026-08-02 02:45:00,16.0,8.0,0.0,0.0
2026-08-02 03:00:00,24.0,8.0,0.0,0.0
2026-08-02 03:15:00,24.0,8.0,0.0,0.0
2026-08-02 03:30:00,32.0,8.0,0.0,0.0
2026-08-02 03:45:00,16.0,8.0,0.0,0.0
2026-08-02 04:00:00,24.0,8.0,0.0,0.0
2026-08-02 04:15:00,24.0,8.0,0.0,0.0
2026-08-02 04:30:00,24.0,8.0,0.0,0.0
2026-08-02 04:45:00,24.0,8.0,0.0,0.0
2026-08-02 05:00:00,16.0,8.0,0.0,0.0
2026-08-02 05:15:00,24.0,8.0,0.0,0.0
2026-08-02 05:30:00,24.0,8.0,0.0,0.0
2026-08-02 05:45:00,16.0,8.0,0.0,0.0
2026-08-02 06:00:00,24.0,8.0,0.0,0.0
2026-08-02 06:15:00,24.0,8.0,0.0,0.0
2026-08-02 06:30:00,16.0,8.0,0.0,0.0
2026-08-02 06:45:00,24.0,8.0,0.0,0.0
2026-08-02 07:00:00,16.0,8.0,0.0,0.0
2026-08-02 07:15:00,24.0,8.0,0.0,0.0
2026-08-02 07:30:00,24.0,8.0,0.0,0.0
2026-08-02 07:45:00,16.0,16.0,0.0,0.0
2026-08-02 08:00:00,136.0,360.0,0.0,0.0
2026-08-02 08:15:00,1016.0,784.0,0.0,0.0
2026-08-02 08:30:00,1176.0,784.0,0.0,0.0
2026-08-02 08:45:00,1176.0,784.0,0.0,0.0
2026-08-02 09:00:00,1200.0,776.0,0.0,0.0
2026-08-02 09:15:00,1024.0,784.0,0.0,0.0
2026-08-02 09:30:00,1128.0,784.0,0.0,0.0
2026-08-02 09:45:00,1128.0,776.0,0.0,0.0
2026-08-02 10:00:00,1128.0,784.0,0.0,0.0
2026-08-02 10:15:00,1128.0,784.0,0.0,0.0
2026-08-02 10:30:00,1128.0,792.0,0.0,0.0
2026-08-02 10:45:00,1128.0,792.0,0.0,0.0
2026-08-02 11:00:00,1120.0,784.0,0.0,0.0
2026-08-02 11:15:00,1128.0,792.0,0.0,0.0
2026-08-02 11:30:00,1120.0,784.0,0.0,0.0
2026-08-02 11:45:00,1184.0,792.0,0.0,0.0
2026-08-02 12:00:00,1208.0,792.0,0.0,0.0
2026-08-02 12:15:00,1184.0,1032.0,0.0,0.0
2026-08-02 12:30:00,1128.0,1032.0,0.0,0.0
2026-08-02 12:45:00,712.0,1008.0,0.0,0.0
2026-08-02 13:00:00,736.0,1008.0,0.0,0.0
2026-08-02 13:15:00,712.0,1000.0,0.0,0.0
2026-08-02 13:30:00,696.0,1000.0,0.0,0.0
2026-08-02 13:45:00,1208.0,800.0,0.0,0.0
2026-08-02 14:00:00,1312.0,792.0,0.0,0.0
2026-08-02 14:15:00,1328.0,800.0,0.0,0.0
2026-08-02 14:30:00,1336.0,800.0,0.0,0.0
2026-08-02 14:45:00,1328.0,800.0,0.0,0.0
2026-08-02 15:00:00,1336.0,800.0,0.0,0.0
2026-08-02 15:15:00,1328.0,800.0,0.0,0.0
2026-08-02 15:30:00,1320.0,800.0,0.0,0.0
2026-08-02 15:45:00,1320.0,800.0,0.0,0.0
2026-08-02 16:00:00,1320.0,800.0,0.0,0.0
2026-08-02 16:15:00,1328.0,800.0,0.0,0.0
2026-08-02 16:30:00,1320.0,800.0,0.0,0.0
2026-08-02 16:45:00,1312.0,800.0,0.0,0.0
2026-08-02 17:00:00,1336.0,800.0,0.0,0.0
2026-08-02 17:15:00,1312.0,800.0,0.0,0.0
2026-08-02 17:30:00,1344.0,800.0,0.0,0.0
2026-08-02 17:45:00,1336.0,800.0,0.0,0.0
2026-08-02 18:00:00,1328.0,800.0,0.0,0.0
2026-08-02 18:15:00,1352.0,792.0,0.0,0.0
2026-08-02 18:30:00,1360.0,800.0,0.0,0.0
2026-08-02 18:45:00,1328.0,800.0,0.0,0.0
2026-08-02 19:00:00,1328.0,800.0,0.0,0.0
2026-08-02 19:15:00,1344.0,800.0,0.0,0.0
2026-08-02 19:30:00,1320.0,800.0,0.0,0.0
2026-08-02 19:45:00,1320.0,792.0,0.0,0.0
2026-08-02 20:00:00,1336.0,800.0,0.0,0.0
2026-08-02 20:15:00,1320.0,800.0,0.0,0.0
2026-08-02 20:30:00,1344.0,792.0,0.0,0.0
2026-08-02 20:45:00,1336.0,800.0,0.0,0.0
2026-08-02 21:00:00,1320.0,800.0,0.0,0.0
2026-08-02 21:15:00,1184.0,800.0,0.0,0.0
2026-08-02 21:30:00,184.0,16.0,0.0,0.0
2026-08-02 21:45:00,184.0,16.0,0.0,0.0
2026-08-02 22:00:00,32.0,16.0,0.0,0.0
2026-08-02 22:15:00,32.0,16.0,0.0,0.0
2026-08-02 22:30:00,32.0,16.0,0.0,0.0
2026-08-02 22:45:00,32.0,8.0,0.0,0.0
2026-08-02 23:00:00,24.0,8.0,0.0,0.0
2026-08-02 23:15:00,24.0,8.0,0.0,0.0
2026-08-02 23:30:00,24.0,8.0,0.0,0.0
2026-08-02 23:45:00,24.0,8.0,0.0,0.0
2026-08-03 00:00:00,32.0,8.0,0.0,0.0
2026-08-03 00:15:00,24.0,8.0,0.0,0.0
2026-08-03 00:30:00,16.0,0.0,0.0,0.0
2026-08-03 00:45:00,24.0,8.0,0.0,0.0
2026-08-03 01:00:00,24.0,8.0,0.0,0.0
2026-08-03 01:15:00,24.0,8.0,0.0,0.0
2026-08-03 01:30:00,24.0,8.0,0.0,0.0
2026-08-03 01:45:00,16.0,8.0,0.0,0.0
2026-08-03 02:00:00,24.0,8.0,0.0,0.0
2026-08-03 02:15:00,24.0,8.0,0.0,0.0
2026-08-03 02:30:00,24.0,0.0,0.0,0.0
2026-08-03 02:45:00,16.0,8.0,0.0,0.0
2026-08-03 03:00:00,32.0,8.0,0.0,0.0
2026-08-03 03:15:00,24.0,8.0,0.0,0.0
2026-08-03 03:30:00,32.0,8.0,0.0,0.0
2026-08-03 03:45:00,16.0,8.0,0.0,0.0
2026-08-03 04:00:00,24.0,8.0,0.0,0.0
2026-08-03 04:15:00,24.0,8.0,0.0,0.0
2026-08-03 04:30:00,24.0,8.0,0.0,0.0
2026-08-03 04:45:00,24.0,8.0,0.0,0.0
2026-08-03 05:00:00,24.0,0.0,0.0,0.0
2026-08-03 05:15:00,24.0,8.0,0.0,0.0
2026-08-03 05:30:00,24.0,8.0,0.0,0.0
2026-08-03 05:45:00,16.0,8.0,0.0,0.0
2026-08-03 06:00:00,24.0,0.0,0.0,0.0
2026-08-03 06:15:00,24.0,0.0,0.0,0.0
2026-08-03 06:30:00,16.0,8.0,0.0,0.0
2026-08-03 06:45:00,24.0,8.0,0.0,0.0
2026-08-03 07:00:00,24.0,8.0,0.0,0.0
2026-08-03 07:15:00,16.0,8.0,0.0,0.0
2026-08-03 07:30:00,24.0,8.0,0.0,0.0
2026-08-03 07:45:00,24.0,16.0,0.0,0.0
2026-08-03 08:00:00,32.0,216.0,0.0,0.0
2026-08-03 08:15:00,920.0,800.0,0.0,0.0
2026-08-03 08:30:00,1192.0,800.0,0.0,0.0
2026-08-03 08:45:00,1208.0,800.0,0.0,0.0
2026-08-03 09:00:00,1224.0,800.0,0.0,0.0
2026-08-03 09:15:00,1224.0,800.0,0.0,0.0
2026-08-03 09:30:00,1240.0,800.0,0.0,0.0
2026-08-03 09:45:00,1256.0,800.0,0.0,0.0
2026-08-03 10:00:00,1248.0,800.0,0.0,0.0
2026-08-03 10:15:00,1264.0,800.0,0.0,0.0
2026-08-03 10:30:00,1264.0,800.0,0.0,0.0
2026-08-03 10:45:00,1264.0,800.0,0.0,0.0
2026-08-03 11:00:00,1264.0,800.0,0.0,0.0
2026-08-03 11:15:00,1264.0,800.0,0.0,0.0
2026-08-03 11:30:00,1272.0,800.0,0.0,0.0
2026-08-03 11:45:00,1264.0,800.0,0.0,0.0
2026-08-03 12:00:00,1264.0,800.0,0.0,0.0
2026-08-03 12:15:00,1272.0,800.0,0.0,0.0
2026-08-03 12:30:00,1280.0,800.0,0.0,0.0
2026-08-03 12:45:00,1264.0,1032.0,0.0,0.0
2026-08-03 13:00:00,648.0,1008.0,0.0,0.0
2026-08-03 13:15:00,656.0,1008.0,0.0,0.0
2026-08-03 13:30:00,648.0,1008.0,0.0,0.0
2026-08-03 13:45:00,640.0,1008.0,0.0,0.0
2026-08-03 14:00:00,648.0,1008.0,0.0,0.0
2026-08-03 14:15:00,632.0,1000.0,0.0,0.0
2026-08-03 14:30:00,648.0,1008.0,0.0,0.0
2026-08-03 14:45:00,624.0,1008.0,0.0,0.0
2026-08-03 15:00:00,736.0,808.0,0.0,0.0
2026-08-03 15:15:00,1240.0,800.0,0.0,0.0
2026-08-03 15:30:00,1256.0,800.0,0.0,0.0
2026-08-03 15:45:00,1264.0,800.0,0.0,0.0
2026-08-03 16:00:00,1264.0,800.0,0.0,0.0
2026-08-03 16:15:00,1256.0,800.0,0.0,0.0
2026-08-03 16:30:00,1256.0,792.0,0.0,0.0
2026-08-03 16:45:00,1248.0,832.0,0.0,0.0
2026-08-03 17:00:00,1256.0,792.0,0.0,0.0
2026-08-03 17:15:00,1248.0,784.0,0.0,0.0
2026-08-03 17:30:00,1248.0,792.0,0.0,0.0
2026-08-03 17:45:00,1256.0,784.0,0.0,0.0
2026-08-03 18:00:00,1280.0,784.0,0.0,0.0
2026-08-03 18:15:00,1264.0,784.0,0.0,0.0
2026-08-03 18:30:00,1264.0,792.0,0.0,0.0
2026-08-03 18:45:00,1248.0,784.0,0.0,0.0
2026-08-03 19:00:00,1272.0,792.0,0.0,0.0
2026-08-03 19:15:00,1288.0,792.0,0.0,0.0
2026-08-03 19:30:00,1264.0,784.0,0.0,0.0
2026-08-03 19:45:00,1264.0,792.0,0.0,0.0
2026-08-03 20:00:00,1288.0,784.0,0.0,0.0
2026-08-03 20:15:00,1248.0,792.0,0.0,0.0
2026-08-03 20:30:00,1264.0,784.0,0.0,0.0
2026-08-03 20:45:00,1256.0,792.0,0.0,0.0
2026-08-03 21:00:00,1248.0,784.0,0.0,0.0
2026-08-03 21:15:00,448.0,120.0,0.0,0.0
2026-08-03 21:30:00,160.0,16.0,0.0,0.0
2026-08-03 21:45:00,152.0,16.0,0.0,0.0
2026-08-03 22:00:00,40.0,16.0,0.0,0.0
2026-08-03 22:15:00,40.0,16.0,0.0,0.0
2026-08-03 22:30:00,24.0,8.0,0.0,0.0
2026-08-03 22:45:00,32.0,8.0,0.0,0.0
2026-08-03 23:00:00,24.0,8.0,0.0,0.0
2026-08-03 23:15:00,24.0,8.0,0.0,0.0
2026-08-03 23:30:00,16.0,8.0,0.0,0.0
2026-08-03 23:45:00,24.0,8.0,0.0,0.0
